customerID,gender,SeniorCitizen,Partner,Dependents,tenure,PhoneService,InternetService,MonthlyCharges,Contract,TotalCharges,Churn
CUST0000,Male,0,No,No,51,Yes,Fiber optic,43.6,One year,2251.39,No
CUST0001,Female,0,No,Yes,47,Yes,Fiber optic,34.35,One year,1648.58,Yes
CUST0002,Male,0,No,Yes,4,Yes,None,38.54,Two year,162.14,No
CUST0003,Male,0,No,Yes,7,Yes,DSL,38.21,One year,279.36,No
CUST0004,Male,0,Yes,No,35,Yes,DSL,71.29,Month-to-month,2473.44,No
CUST0005,Female,0,Yes,No,48,Yes,DSL,104.48,Two year,5054.53,No
CUST0006,Male,1,No,No,72,Yes,None,27.96,Month-to-month,1965.54,Yes
CUST0007,Male,0,Yes,No,45,Yes,Fiber optic,90.7,Two year,4066.36,No
CUST0008,Male,1,No,No,72,Yes,Fiber optic,85.43,Month-to-month,6173.14,No
CUST0009,Female,0,Yes,No,19,Yes,None,107.25,One year,1995.76,No
CUST0010,Male,0,No,No,63,Yes,Fiber optic,44.41,One year,2766.15,No
CUST0011,Male,0,No,Yes,38,Yes,Fiber optic,65.01,One year,2479.31,No
CUST0012,Male,1,Yes,No,67,Yes,DSL,112.58,Month-to-month,7548.86,Yes
CUST0013,Male,1,Yes,Yes,59,Yes,Fiber optic,86.0,Month-to-month,5097.89,Yes
CUST0014,Female,0,No,Yes,69,Yes,Fiber optic,58.88,Month-to-month,4093.98,No
CUST0015,Male,0,No,No,13,Yes,Fiber optic,33.14,Two year,393.68,No
CUST0016,Female,0,Yes,No,47,Yes,None,46.25,Month-to-month,2125.59,Yes
CUST0017,Female,0,Yes,Yes,61,Yes,None,78.12,Two year,4784.28,No
CUST0018,Female,1,No,Yes,31,Yes,Fiber optic,91.82,Month-to-month,2826.56,No
CUST0019,Male,0,Yes,No,22,No,Fiber optic,32.44,Month-to-month,726.28,Yes
CUST0020,Female,0,No,No,43,Yes,Fiber optic,79.96,One year,3403.33,No
CUST0021,Male,0,No,Yes,67,No,DSL,75.04,Month-to-month,5024.58,No
CUST0022,Female,1,No,No,54,No,DSL,71.4,Two year,3856.04,No
CUST0023,Female,0,No,No,10,Yes,Fiber optic,89.01,One year,898.61,No
CUST0024,Female,0,Yes,No,42,Yes,Fiber optic,103.74,Month-to-month,4358.4,No
CUST0025,Female,0,Yes,Yes,64,Yes,DSL,52.3,Month-to-month,3346.77,No
CUST0026,Female,0,Yes,Yes,21,Yes,None,108.9,Month-to-month,2270.17,Yes
CUST0027,Female,0,Yes,Yes,66,Yes,DSL,36.06,Month-to-month,2337.08,Yes
CUST0028,Female,0,Yes,No,41,Yes,DSL,37.3,One year,1488.25,No
CUST0029,Female,1,Yes,No,24,Yes,Fiber optic,46.68,Month-to-month,1113.7,Yes
CUST0030,Male,0,Yes,Yes,35,No,DSL,31.95,Month-to-month,1103.83,No
CUST0031,Male,1,No,Yes,56,Yes,DSL,43.03,Month-to-month,2411.29,No
CUST0032,Female,1,Yes,Yes,30,Yes,DSL,30.64,Month-to-month,899.68,No
CUST0033,Female,0,Yes,No,57,Yes,Fiber optic,102.18,Month-to-month,5843.05,No
CUST0034,Female,0,No,Yes,47,Yes,Fiber optic,33.9,Two year,1629.7,No
CUST0035,Male,1,Yes,Yes,35,Yes,Fiber optic,94.73,One year,3295.44,No
CUST0036,Female,0,Yes,No,19,Yes,Fiber optic,24.79,One year,440.31,No
CUST0037,Male,0,No,No,8,Yes,DSL,114.85,One year,880.42,No
CUST0038,Male,0,Yes,No,26,Yes,None,91.12,Month-to-month,2380.75,No
CUST0039,Male,0,Yes,Yes,71,No,DSL,20.68,Two year,1462.67,No
CUST0040,Male,1,Yes,No,30,Yes,None,96.39,Month-to-month,2860.5,No
CUST0041,Male,0,No,No,7,Yes,Fiber optic,71.41,Month-to-month,515.18,No
CUST0042,Female,0,Yes,Yes,67,Yes,None,97.94,Month-to-month,6526.83,No
CUST0043,Female,0,Yes,No,65,Yes,DSL,72.25,Month-to-month,4701.68,No
CUST0044,Female,0,No,Yes,36,Yes,Fiber optic,84.1,One year,3030.31,No
CUST0045,Female,0,Yes,Yes,25,No,DSL,98.63,Month-to-month,2489.17,No
CUST0046,Female,0,No,No,37,Yes,DSL,60.51,One year,2194.38,Yes
CUST0047,Male,0,No,No,1,Yes,Fiber optic,20.27,Month-to-month,59.06,No
CUST0048,Female,0,Yes,No,15,Yes,DSL,104.99,Month-to-month,1595.15,Yes
CUST0049,Female,0,No,No,37,Yes,Fiber optic,58.09,One year,2120.94,No
CUST0050,Male,0,No,No,13,Yes,DSL,69.6,Month-to-month,873.14,Yes
CUST0051,Female,1,Yes,No,8,Yes,DSL,20.78,Month-to-month,159.41,Yes
CUST0052,Male,0,No,Yes,5,Yes,Fiber optic,69.21,Month-to-month,377.81,No
CUST0053,Female,0,No,Yes,60,Yes,Fiber optic,118.65,One year,7153.29,No
CUST0054,Male,1,Yes,No,1,Yes,Fiber optic,47.83,One year,49.88,No
CUST0055,Female,0,Yes,Yes,36,Yes,Fiber optic,59.54,Month-to-month,2179.52,Yes
CUST0056,Female,0,Yes,No,35,Yes,Fiber optic,88.72,Two year,3055.74,No
CUST0057,Male,0,No,Yes,66,Yes,DSL,101.48,Two year,6651.2,No
CUST0058,Male,0,Yes,Yes,63,Yes,Fiber optic,61.74,One year,3930.8,Yes
CUST0059,Male,0,No,Yes,23,Yes,None,50.97,One year,1199.84,No
CUST0060,Male,0,No,No,9,Yes,Fiber optic,113.78,Month-to-month,1019.09,Yes
CUST0061,Male,0,No,Yes,34,Yes,Fiber optic,87.71,One year,3007.5,No
CUST0062,Male,0,No,No,46,Yes,Fiber optic,31.9,Month-to-month,1512.96,Yes
CUST0063,Male,0,No,Yes,4,Yes,Fiber optic,26.89,Month-to-month,134.77,No
CUST0064,Male,0,No,Yes,30,Yes,Fiber optic,68.35,Two year,2084.74,No
CUST0065,Female,0,No,Yes,72,Yes,DSL,42.01,One year,3050.78,No
CUST0066,Female,0,Yes,Yes,3,No,DSL,45.4,Month-to-month,103.02,Yes
CUST0067,Male,0,Yes,Yes,14,Yes,Fiber optic,107.77,Month-to-month,1542.14,Yes
CUST0068,Female,1,No,No,60,No,DSL,28.96,One year,1707.11,No
CUST0069,Female,0,No,No,45,Yes,Fiber optic,91.54,Month-to-month,4158.56,No
CUST0070,Female,0,Yes,Yes,34,Yes,DSL,47.11,Month-to-month,1597.6,No
CUST0071,Female,0,No,Yes,45,Yes,Fiber optic,96.03,Month-to-month,4339.05,No
CUST0072,Male,0,Yes,Yes,61,Yes,DSL,92.24,Month-to-month,5626.36,No
CUST0073,Female,0,Yes,Yes,16,No,DSL,20.74,One year,291.24,No
CUST0074,Male,1,Yes,No,66,Yes,None,70.91,Month-to-month,4659.13,No
CUST0075,Female,1,No,Yes,40,Yes,Fiber optic,33.93,One year,1405.57,No
CUST0076,Female,0,No,No,17,Yes,Fiber optic,106.62,Month-to-month,1858.61,No
CUST0077,Female,1,Yes,Yes,34,No,Fiber optic,107.16,One year,3625.49,No
CUST0078,Male,0,Yes,No,16,Yes,Fiber optic,61.83,Two year,1038.91,No
CUST0079,Female,0,Yes,Yes,60,Yes,Fiber optic,64.44,One year,3900.96,No
CUST0080,Male,0,Yes,Yes,66,Yes,Fiber optic,50.33,Two year,3332.88,No
CUST0081,Female,1,Yes,No,66,Yes,DSL,91.66,Two year,6003.57,No
CUST0082,Male,0,No,Yes,13,Yes,Fiber optic,55.87,Month-to-month,766.45,No
CUST0083,Female,0,Yes,Yes,56,Yes,Fiber optic,46.78,One year,2625.42,No
CUST0084,Male,0,No,Yes,31,Yes,None,63.22,Two year,1996.67,No
CUST0085,Male,0,Yes,No,34,Yes,DSL,29.15,Month-to-month,1024.54,Yes
CUST0086,Female,0,No,Yes,39,Yes,Fiber optic,94.66,Month-to-month,3725.04,No
CUST0087,Male,0,No,Yes,67,No,Fiber optic,21.26,Two year,1444.24,No
CUST0088,Female,0,No,No,8,Yes,Fiber optic,84.45,One year,654.74,Yes
CUST0089,Female,0,No,No,55,Yes,DSL,38.29,Month-to-month,2089.57,Yes
CUST0090,Female,0,No,No,27,Yes,Fiber optic,43.24,Month-to-month,1148.33,Yes
CUST0091,Female,0,No,Yes,53,Yes,DSL,83.56,One year,4380.68,Yes
CUST0092,Female,0,Yes,Yes,39,Yes,DSL,119.29,Month-to-month,4660.57,No
CUST0093,Female,0,No,Yes,65,Yes,Fiber optic,97.77,One year,6374.93,No
CUST0094,Female,1,Yes,No,17,Yes,Fiber optic,42.58,One year,759.25,No
CUST0095,Female,0,No,Yes,30,No,Fiber optic,37.6,One year,1092.02,No
CUST0096,Female,0,No,Yes,53,Yes,None,106.62,Month-to-month,5655.28,No
CUST0097,Female,0,Yes,No,13,No,DSL,64.42,One year,788.26,No
CUST0098,Female,0,No,No,21,Yes,DSL,33.71,One year,667.42,No
CUST0099,Male,0,Yes,No,19,Yes,Fiber optic,106.22,One year,1973.6,No
CUST0100,Male,0,Yes,No,53,Yes,DSL,101.61,Month-to-month,5407.88,Yes
CUST0101,Female,0,Yes,No,19,Yes,DSL,118.39,Month-to-month,2207.52,No
CUST0102,Female,0,Yes,Yes,57,Yes,DSL,110.97,Two year,6346.94,No
CUST0103,Female,0,No,No,25,Yes,DSL,105.18,Month-to-month,2604.46,Yes
CUST0104,Female,0,No,Yes,31,Yes,Fiber optic,25.26,Month-to-month,820.83,Yes
CUST0105,Female,0,Yes,Yes,55,Yes,DSL,30.44,Month-to-month,1705.51,No
CUST0106,Female,0,No,No,23,Yes,Fiber optic,76.9,Two year,1814.48,Yes
CUST0107,Female,0,No,No,32,Yes,DSL,73.15,Month-to-month,2379.18,No
CUST0108,Female,0,Yes,No,62,Yes,Fiber optic,65.8,Month-to-month,4122.93,Yes
CUST0109,Male,0,No,Yes,10,No,DSL,59.68,Month-to-month,632.67,No
CUST0110,Female,0,Yes,No,72,Yes,Fiber optic,63.12,One year,4563.98,No
CUST0111,Male,0,Yes,No,54,Yes,Fiber optic,76.93,Month-to-month,4121.25,No
CUST0112,Female,0,No,No,52,Yes,DSL,20.21,Month-to-month,1028.09,No
CUST0113,Female,0,No,No,20,Yes,Fiber optic,46.07,Month-to-month,892.67,Yes
CUST0114,Male,1,No,No,32,Yes,DSL,71.83,Two year,2308.92,No
CUST0115,Female,1,Yes,Yes,14,No,Fiber optic,92.22,Month-to-month,1291.44,No
CUST0116,Male,0,Yes,Yes,50,Yes,DSL,37.42,Month-to-month,1907.71,Yes
CUST0117,Female,0,No,Yes,28,Yes,None,74.69,Month-to-month,2136.59,Yes
CUST0118,Female,0,No,No,53,Yes,DSL,91.45,Two year,4837.34,No
CUST0119,Male,0,No,No,24,Yes,Fiber optic,64.46,One year,1547.68,No
CUST0120,Female,0,No,No,22,Yes,DSL,22.71,Two year,546.77,No
CUST0121,Male,0,Yes,Yes,30,Yes,DSL,64.93,Two year,1925.52,No
CUST0122,Female,0,No,No,63,Yes,Fiber optic,49.64,Month-to-month,3156.56,No
CUST0123,Male,0,Yes,No,4,Yes,None,112.96,One year,424.36,No
CUST0124,Male,0,Yes,No,59,Yes,DSL,32.46,Month-to-month,1933.29,No
CUST0125,Female,0,No,Yes,8,Yes,DSL,85.25,Month-to-month,657.36,Yes
CUST0126,Female,0,No,No,12,No,DSL,25.27,Month-to-month,341.61,No
CUST0127,Male,0,No,Yes,31,Yes,DSL,64.62,Month-to-month,2009.37,No
CUST0128,Female,0,Yes,No,34,Yes,DSL,75.4,Two year,2532.19,No
CUST0129,Female,0,No,Yes,49,Yes,Fiber optic,49.8,Month-to-month,2412.64,No
CUST0130,Female,0,No,Yes,57,Yes,DSL,65.51,Two year,3733.45,No
CUST0131,Male,1,Yes,Yes,26,Yes,DSL,36.36,Month-to-month,991.52,No
CUST0132,Male,0,No,No,18,Yes,Fiber optic,50.41,Month-to-month,934.34,Yes
CUST0133,Male,0,Yes,No,38,Yes,DSL,82.11,Two year,3119.01,No
CUST0134,Male,0,No,Yes,50,Yes,DSL,50.18,One year,2492.77,No
CUST0135,Male,0,Yes,Yes,8,Yes,DSL,109.97,One year,884.69,No
CUST0136,Male,0,No,No,41,Yes,Fiber optic,82.84,Month-to-month,3421.28,Yes
CUST0137,Male,0,No,No,6,Yes,DSL,63.86,Month-to-month,411.55,No
CUST0138,Male,0,Yes,Yes,69,Yes,Fiber optic,23.88,One year,1630.18,No
CUST0139,Male,0,Yes,No,44,Yes,DSL,69.95,One year,3099.92,No
CUST0140,Female,0,No,No,64,Yes,Fiber optic,96.48,Month-to-month,6190.5,No
CUST0141,Male,0,Yes,No,29,No,DSL,46.56,Two year,1396.15,No
CUST0142,Female,0,Yes,No,28,Yes,Fiber optic,100.68,One year,2862.15,Yes
CUST0143,Female,0,Yes,Yes,11,Yes,Fiber optic,45.18,Two year,525.92,No
CUST0144,Female,0,Yes,No,65,Yes,Fiber optic,102.37,One year,6676.39,No
CUST0145,Male,1,No,No,19,No,DSL,28.53,One year,519.47,No
CUST0146,Male,0,No,Yes,9,Yes,DSL,106.62,Month-to-month,994.18,No
CUST0147,Male,0,Yes,Yes,27,Yes,DSL,69.92,Month-to-month,1880.59,No
CUST0148,Male,0,Yes,No,34,Yes,DSL,49.65,Two year,1665.32,No
CUST0149,Female,0,Yes,No,44,Yes,DSL,46.51,Month-to-month,2034.86,Yes
CUST0150,Male,0,Yes,No,68,Yes,Fiber optic,63.2,Month-to-month,4331.19,No
CUST0151,Male,0,No,No,15,Yes,DSL,119.9,Month-to-month,1763.36,No
CUST0152,Male,0,No,Yes,51,Yes,Fiber optic,42.03,Month-to-month,2139.15,No
CUST0153,Male,0,Yes,Yes,13,Yes,Fiber optic,30.32,Two year,393.4,No
CUST0154,Male,0,Yes,Yes,49,Yes,Fiber optic,78.5,Two year,3800.16,No
CUST0155,Female,0,Yes,No,70,Yes,DSL,68.85,Month-to-month,4789.07,Yes
CUST0156,Male,0,No,No,56,Yes,Fiber optic,72.42,Month-to-month,4088.19,No
CUST0157,Female,0,Yes,No,51,Yes,DSL,86.69,One year,4454.27,No
CUST0158,Male,0,No,No,37,No,Fiber optic,46.71,One year,1707.51,No
CUST0159,Female,0,Yes,Yes,17,Yes,Fiber optic,111.07,Two year,1925.68,No
CUST0160,Male,0,No,Yes,58,Yes,Fiber optic,63.57,Month-to-month,3714.24,Yes
CUST0161,Male,1,Yes,No,29,Yes,Fiber optic,32.91,Month-to-month,946.18,No
CUST0162,Female,0,No,Yes,33,Yes,DSL,94.23,Month-to-month,3134.43,No
CUST0163,Female,0,Yes,No,60,No,DSL,84.31,Two year,5104.73,No
CUST0164,Female,0,Yes,No,55,Yes,Fiber optic,51.57,One year,2832.25,No
CUST0165,Male,0,Yes,Yes,10,Yes,DSL,82.15,One year,795.34,No
CUST0166,Female,0,No,No,47,Yes,Fiber optic,41.99,Month-to-month,2017.71,No
CUST0167,Male,0,Yes,No,23,Yes,DSL,64.48,One year,1493.41,Yes
CUST0168,Male,0,No,Yes,21,Yes,DSL,109.94,One year,2269.27,No
CUST0169,Female,0,No,No,13,Yes,DSL,33.35,Month-to-month,440.82,No
CUST0170,Female,0,Yes,No,33,Yes,DSL,58.67,Month-to-month,1936.17,No
CUST0171,Male,1,Yes,Yes,24,Yes,Fiber optic,102.11,Month-to-month,2486.2,Yes
CUST0172,Male,0,Yes,No,11,Yes,Fiber optic,116.95,Month-to-month,1289.52,Yes
CUST0173,Female,0,No,Yes,17,Yes,Fiber optic,65.39,Month-to-month,1087.15,No
CUST0174,Female,0,Yes,No,68,Yes,Fiber optic,70.7,Month-to-month,4825.16,No
CUST0175,Female,1,No,Yes,47,Yes,Fiber optic,77.22,Month-to-month,3633.6,No
CUST0176,Male,0,No,Yes,25,Yes,Fiber optic,113.23,Month-to-month,2804.05,Yes
CUST0177,Male,0,Yes,Yes,21,Yes,DSL,105.82,Month-to-month,2229.58,Yes
CUST0178,Male,1,Yes,No,12,No,Fiber optic,37.06,Two year,476.87,No
CUST0179,Male,1,Yes,Yes,37,Yes,DSL,63.68,Month-to-month,2309.02,No
CUST0180,Male,0,Yes,Yes,42,Yes,DSL,66.4,One year,2801.89,No
CUST0181,Male,0,Yes,Yes,17,Yes,Fiber optic,98.91,Month-to-month,1666.43,No
CUST0182,Female,0,Yes,Yes,48,Yes,DSL,80.29,One year,3833.19,No
CUST0183,Male,0,No,Yes,28,Yes,DSL,85.42,Month-to-month,2381.02,Yes
CUST0184,Male,1,No,No,41,Yes,DSL,119.82,Two year,4896.82,Yes
CUST0185,Male,0,No,No,47,Yes,DSL,27.5,Month-to-month,1325.72,No
CUST0186,Female,0,Yes,No,18,No,None,42.3,One year,738.88,No
CUST0187,Male,0,No,No,71,Yes,DSL,60.79,Month-to-month,4339.41,Yes
CUST0188,Male,0,No,No,13,Yes,DSL,54.78,One year,671.55,No
CUST0189,Female,0,No,No,13,Yes,Fiber optic,22.16,Month-to-month,333.22,No
CUST0190,Male,0,No,No,31,Yes,DSL,29.18,Month-to-month,916.81,Yes
CUST0191,Male,0,No,Yes,2,Yes,None,88.1,Month-to-month,196.87,Yes
CUST0192,Male,0,Yes,No,16,Yes,DSL,107.93,One year,1706.68,No
CUST0193,Male,0,Yes,Yes,9,No,Fiber optic,71.42,Two year,633.99,No
CUST0194,Male,0,No,Yes,38,Yes,Fiber optic,73.92,Two year,2781.34,No
CUST0195,Female,0,No,No,54,Yes,None,45.51,Month-to-month,2500.79,Yes
CUST0196,Female,0,No,Yes,56,Yes,Fiber optic,96.79,Month-to-month,5419.05,No
CUST0197,Female,0,Yes,Yes,45,Yes,Fiber optic,95.18,Two year,4296.14,No
CUST0198,Male,0,Yes,Yes,34,Yes,DSL,78.84,Month-to-month,2703.99,Yes
CUST0199,Male,0,No,Yes,9,Yes,DSL,41.27,One year,358.54,No
CUST0200,Male,0,Yes,No,8,Yes,DSL,29.7,Two year,259.61,No
CUST0201,Female,0,Yes,No,7,Yes,Fiber optic,26.42,Two year,202.54,No
CUST0202,Male,0,No,No,36,Yes,DSL,79.27,Month-to-month,2874.29,Yes
CUST0203,Male,0,Yes,No,18,Yes,DSL,102.5,Month-to-month,1843.92,No
CUST0204,Female,0,Yes,No,3,Yes,DSL,105.83,Month-to-month,305.78,Yes
CUST0205,Male,1,No,No,28,Yes,DSL,66.36,One year,1830.29,No
CUST0206,Female,0,Yes,No,70,Yes,DSL,98.43,Month-to-month,6922.56,No
CUST0207,Female,0,Yes,No,44,No,None,114.69,Month-to-month,5057.2,No
CUST0208,Female,0,No,No,21,Yes,Fiber optic,47.52,Month-to-month,992.36,Yes
CUST0209,Male,0,Yes,No,28,Yes,Fiber optic,59.8,Month-to-month,1718.8,Yes
CUST0210,Male,0,Yes,Yes,54,Yes,Fiber optic,113.15,One year,6064.88,No
CUST0211,Male,0,No,No,54,Yes,DSL,53.82,One year,2941.3,No
CUST0212,Male,0,No,Yes,65,Yes,DSL,111.39,Month-to-month,7290.11,No
CUST0213,Male,0,No,Yes,21,Yes,DSL,118.1,Month-to-month,2518.79,Yes
CUST0214,Male,0,Yes,Yes,13,Yes,DSL,86.18,Two year,1151.38,No
CUST0215,Male,1,No,Yes,57,No,Fiber optic,101.69,Month-to-month,5783.76,Yes
CUST0216,Female,0,Yes,No,49,No,DSL,94.95,One year,4625.68,No
CUST0217,Male,1,No,Yes,54,Yes,DSL,89.95,Two year,4880.79,No
CUST0218,Female,0,Yes,No,10,Yes,Fiber optic,50.69,Month-to-month,487.36,Yes
CUST0219,Male,0,No,No,53,Yes,None,25.71,Month-to-month,1330.23,No
CUST0220,Male,1,No,Yes,44,Yes,Fiber optic,54.31,Two year,2418.29,No
CUST0221,Male,0,No,No,47,Yes,Fiber optic,86.69,Month-to-month,4055.68,No
CUST0222,Female,0,No,Yes,53,Yes,Fiber optic,30.25,Month-to-month,1644.69,No
CUST0223,Female,0,Yes,Yes,46,Yes,DSL,21.19,Month-to-month,1008.8,No
CUST0224,Female,0,No,No,13,Yes,Fiber optic,33.97,Month-to-month,476.37,No
CUST0225,Female,0,No,No,37,No,DSL,91.57,Two year,3415.25,Yes
CUST0226,Male,0,Yes,Yes,24,Yes,Fiber optic,117.28,Two year,2852.81,No
CUST0227,Female,0,No,No,2,Yes,Fiber optic,118.31,One year,267.19,No
CUST0228,Male,0,Yes,No,14,Yes,DSL,69.4,Month-to-month,981.85,No
CUST0229,Male,0,No,No,10,Yes,Fiber optic,106.94,Month-to-month,1048.98,Yes
CUST0230,Female,0,No,Yes,35,Yes,None,93.68,One year,3317.62,No
CUST0231,Female,0,No,Yes,25,Yes,DSL,70.1,Month-to-month,1786.56,No
CUST0232,Female,0,Yes,No,3,No,Fiber optic,77.28,One year,229.13,No
CUST0233,Female,0,No,No,17,Yes,DSL,33.72,Month-to-month,527.15,No
CUST0234,Female,0,No,No,12,Yes,Fiber optic,113.77,One year,1379.09,No
CUST0235,Female,1,No,No,54,Yes,Fiber optic,55.19,Month-to-month,2935.32,No
CUST0236,Female,0,Yes,No,24,Yes,Fiber optic,64.61,Month-to-month,1593.27,No
CUST0237,Female,0,Yes,Yes,29,Yes,None,87.17,Month-to-month,2574.09,No
CUST0238,Male,0,No,No,43,No,Fiber optic,53.39,Month-to-month,2264.72,Yes
CUST0239,Female,0,Yes,Yes,25,Yes,Fiber optic,45.43,Month-to-month,1153.39,No
CUST0240,Female,0,No,No,60,Yes,DSL,83.1,One year,4945.23,No
CUST0241,Male,0,No,Yes,65,Yes,None,22.5,One year,1485.45,No
CUST0242,Female,0,No,No,28,Yes,DSL,92.07,One year,2562.69,No
CUST0243,Male,0,No,Yes,16,Yes,Fiber optic,71.4,Two year,1160.51,No
CUST0244,Male,0,No,No,47,Yes,DSL,80.58,Month-to-month,3774.55,No
CUST0245,Female,1,No,Yes,58,Yes,DSL,83.19,Month-to-month,4789.58,Yes
CUST0246,Male,0,No,Yes,27,Yes,Fiber optic,72.71,Month-to-month,1953.78,Yes
CUST0247,Male,0,Yes,Yes,53,Yes,DSL,78.25,One year,4108.52,No
CUST0248,Male,1,Yes,Yes,42,Yes,DSL,88.38,Month-to-month,3719.65,No
CUST0249,Male,0,Yes,Yes,59,Yes,DSL,95.31,Two year,5577.39,No
CUST0250,Female,0,Yes,Yes,47,Yes,DSL,92.75,Month-to-month,4361.98,No
CUST0251,Male,1,Yes,No,34,Yes,DSL,106.96,Two year,3675.28,No
CUST0252,Female,0,Yes,Yes,37,Yes,DSL,38.94,Two year,1474.57,No
CUST0253,Male,0,Yes,No,6,Yes,Fiber optic,60.11,Month-to-month,398.94,No
CUST0254,Male,0,No,No,7,Yes,DSL,114.78,Month-to-month,845.66,No
CUST0255,Male,0,No,No,25,No,Fiber optic,59.66,One year,1451.95,No
CUST0256,Male,0,No,No,33,No,DSL,32.49,Month-to-month,1035.04,No
CUST0257,Female,0,No,No,55,Yes,None,72.54,Month-to-month,3995.4,No
CUST0258,Female,1,Yes,Yes,58,No,Fiber optic,30.95,One year,1834.5,No
CUST0259,Male,0,Yes,Yes,7,Yes,DSL,40.29,Month-to-month,329.46,No
CUST0260,Male,0,No,Yes,57,Yes,Fiber optic,119.83,One year,6784.94,No
CUST0261,Female,0,No,No,12,Yes,Fiber optic,74.14,One year,875.26,No
CUST0262,Male,0,Yes,Yes,16,Yes,None,48.41,Month-to-month,745.85,No
CUST0263,Male,0,No,Yes,43,Yes,Fiber optic,119.48,Month-to-month,5163.24,No
CUST0264,Male,0,No,Yes,7,Yes,DSL,116.66,Month-to-month,830.64,Yes
CUST0265,Female,0,No,Yes,51,Yes,Fiber optic,64.07,One year,3229.56,No
CUST0266,Female,0,No,Yes,32,Yes,Fiber optic,46.04,Month-to-month,1471.63,No
CUST0267,Female,1,Yes,No,8,Yes,Fiber optic,103.84,Two year,849.26,No
CUST0268,Male,0,No,Yes,72,No,DSL,91.56,Month-to-month,6620.22,No
CUST0269,Male,0,No,No,45,Yes,Fiber optic,88.69,Month-to-month,3943.06,No
CUST0270,Female,0,Yes,No,59,Yes,None,109.31,Month-to-month,6488.34,No
CUST0271,Female,0,Yes,No,4,Yes,DSL,88.94,Month-to-month,362.69,No
CUST0272,Female,0,No,No,67,Yes,DSL,48.38,Month-to-month,3272.65,Yes
CUST0273,Female,0,Yes,No,29,Yes,DSL,89.39,Month-to-month,2623.1,No
CUST0274,Male,0,No,Yes,29,Yes,Fiber optic,50.58,Month-to-month,1435.81,No
CUST0275,Female,0,No,Yes,28,Yes,Fiber optic,95.92,Month-to-month,2646.78,No
CUST0276,Male,0,Yes,Yes,44,Yes,Fiber optic,81.97,Month-to-month,3628.81,No
CUST0277,Female,0,No,No,4,Yes,Fiber optic,27.74,One year,76.6,No
CUST0278,Male,0,No,Yes,9,Yes,Fiber optic,71.28,Month-to-month,676.51,No
CUST0279,Female,0,No,Yes,5,Yes,DSL,54.33,Month-to-month,294.27,No
CUST0280,Female,0,No,No,56,Yes,Fiber optic,52.86,Two year,2994.34,Yes
CUST0281,Female,0,Yes,No,50,Yes,Fiber optic,80.23,Month-to-month,3991.4,No
CUST0282,Female,0,Yes,No,15,Yes,None,52.23,One year,765.11,No
CUST0283,Male,0,No,No,32,Yes,None,97.69,Month-to-month,3143.2,No
CUST0284,Female,0,Yes,Yes,28,No,None,27.08,Month-to-month,711.38,Yes
CUST0285,Male,1,No,No,22,No,Fiber optic,86.04,Two year,1915.53,No
CUST0286,Male,0,No,No,17,Yes,Fiber optic,100.92,Month-to-month,1749.22,No
CUST0287,Male,0,No,Yes,59,Yes,Fiber optic,87.28,One year,5141.04,Yes
CUST0288,Male,0,No,Yes,71,Yes,None,69.72,Month-to-month,4976.61,Yes
CUST0289,Female,1,No,No,57,Yes,DSL,115.03,One year,6524.17,No
CUST0290,Male,0,Yes,Yes,26,Yes,DSL,49.99,Two year,1281.97,No
CUST0291,Male,0,No,No,25,Yes,DSL,21.92,Month-to-month,595.43,No
CUST0292,Male,0,Yes,No,10,No,Fiber optic,63.2,Two year,680.63,Yes
CUST0293,Female,0,Yes,Yes,45,Yes,DSL,23.3,Month-to-month,1049.76,Yes
CUST0294,Female,0,No,Yes,11,No,DSL,115.39,One year,1312.72,No
CUST0295,Female,1,No,No,53,Yes,DSL,40.99,Month-to-month,2174.74,No
CUST0296,Female,1,No,No,72,Yes,DSL,98.89,Two year,7099.24,No
CUST0297,Male,0,No,No,68,Yes,Fiber optic,97.46,Month-to-month,6603.97,No
CUST0298,Male,0,No,Yes,28,Yes,DSL,41.77,Month-to-month,1212.51,No
CUST0299,Female,1,Yes,No,65,Yes,Fiber optic,82.12,Two year,5305.04,No
CUST0300,Male,0,No,No,49,Yes,Fiber optic,24.81,One year,1223.65,No
CUST0301,Male,0,No,No,47,Yes,Fiber optic,68.36,Month-to-month,3218.47,No
CUST0302,Male,0,Yes,No,52,Yes,DSL,21.46,Month-to-month,1139.88,No
CUST0303,Female,0,Yes,No,54,Yes,None,112.11,Month-to-month,6053.86,No
CUST0304,Female,0,No,Yes,60,Yes,Fiber optic,117.61,Month-to-month,7033.83,No
CUST0305,Male,0,Yes,No,57,No,None,42.23,Month-to-month,2374.05,No
CUST0306,Female,1,No,No,47,Yes,None,40.81,One year,1930.15,No
CUST0307,Female,1,Yes,No,31,Yes,DSL,95.37,Month-to-month,2978.37,No
CUST0308,Female,0,Yes,No,46,Yes,DSL,45.34,One year,2092.59,No
CUST0309,Female,0,No,Yes,26,Yes,DSL,109.51,Two year,2871.1,Yes
CUST0310,Female,1,Yes,Yes,5,Yes,Fiber optic,77.39,Month-to-month,351.1,No
CUST0311,Male,0,Yes,Yes,52,Yes,DSL,55.08,Month-to-month,2902.41,Yes
CUST0312,Female,0,Yes,No,54,Yes,DSL,103.27,Month-to-month,5584.82,Yes
CUST0313,Male,1,Yes,No,33,Yes,Fiber optic,69.34,Month-to-month,2250.9,Yes
CUST0314,Male,1,Yes,Yes,50,Yes,DSL,111.16,One year,5554.19,No
CUST0315,Female,0,Yes,Yes,38,Yes,DSL,112.8,Month-to-month,4320.88,Yes
CUST0316,Male,0,No,Yes,27,Yes,Fiber optic,36.54,One year,1026.34,No
CUST0317,Male,0,No,No,15,Yes,DSL,20.23,Month-to-month,279.91,No
CUST0318,Male,0,Yes,No,61,Yes,DSL,118.39,Month-to-month,7242.92,No
CUST0319,Female,0,No,Yes,21,Yes,Fiber optic,110.61,Month-to-month,2282.81,Yes
CUST0320,Female,0,No,Yes,46,Yes,Fiber optic,25.54,Month-to-month,1128.19,No
CUST0321,Male,0,No,Yes,69,Yes,Fiber optic,103.3,Month-to-month,7133.74,No
CUST0322,Female,0,Yes,No,6,Yes,Fiber optic,65.78,Month-to-month,414.16,No
CUST0323,Female,0,No,No,38,Yes,Fiber optic,45.9,Two year,1773.78,No
CUST0324,Female,0,Yes,No,62,Yes,Fiber optic,107.87,One year,6671.96,No
CUST0325,Female,1,No,Yes,62,Yes,Fiber optic,39.67,Month-to-month,2410.19,No
CUST0326,Male,0,Yes,Yes,46,No,Fiber optic,114.73,Month-to-month,5275.53,No
CUST0327,Male,0,Yes,No,13,Yes,Fiber optic,40.56,Month-to-month,478.87,Yes
CUST0328,Female,0,No,Yes,3,Yes,Fiber optic,81.37,Month-to-month,203.31,No
CUST0329,Female,0,No,No,6,Yes,DSL,42.31,Month-to-month,236.53,No
CUST0330,Male,0,Yes,Yes,8,Yes,DSL,74.57,Month-to-month,590.28,No
CUST0331,Male,0,No,Yes,44,Yes,DSL,88.4,Month-to-month,3867.55,No
CUST0332,Female,0,No,Yes,33,Yes,None,39.02,Month-to-month,1295.85,No
CUST0333,Male,0,No,Yes,50,Yes,Fiber optic,72.09,Month-to-month,3560.03,No
CUST0334,Female,0,Yes,No,11,Yes,Fiber optic,66.91,Month-to-month,700.47,Yes
CUST0335,Female,0,Yes,Yes,28,Yes,DSL,27.1,One year,778.33,Yes
CUST0336,Male,1,No,No,70,Yes,Fiber optic,101.83,Month-to-month,7092.31,Yes
CUST0337,Male,0,No,No,41,Yes,DSL,53.57,Month-to-month,2210.35,No
CUST0338,Female,0,No,No,16,Yes,DSL,77.46,Month-to-month,1194.83,No
CUST0339,Female,0,Yes,Yes,68,No,DSL,71.48,Two year,4851.38,No
CUST0340,Male,0,Yes,No,48,Yes,Fiber optic,71.33,Two year,3391.58,No
CUST0341,Female,0,No,No,56,No,Fiber optic,30.72,One year,1681.28,No
CUST0342,Male,0,No,No,64,No,Fiber optic,62.35,Month-to-month,3997.1,No
CUST0343,Female,1,No,Yes,59,Yes,DSL,65.24,Month-to-month,3891.99,No
CUST0344,Male,0,No,Yes,62,Yes,Fiber optic,93.36,One year,5743.8,No
CUST0345,Male,0,No,No,11,Yes,Fiber optic,104.0,Month-to-month,1136.16,No
CUST0346,Male,0,No,Yes,18,Yes,DSL,74.5,Month-to-month,1361.75,Yes
CUST0347,Female,1,Yes,No,19,Yes,Fiber optic,28.68,Two year,541.19,No
CUST0348,Female,0,No,No,55,Yes,Fiber optic,43.68,Month-to-month,2433.05,No
CUST0349,Male,0,Yes,Yes,26,Yes,Fiber optic,36.49,Month-to-month,916.7,Yes
CUST0350,Female,0,No,No,6,Yes,Fiber optic,32.46,Month-to-month,240.72,No
CUST0351,Male,0,No,Yes,4,No,Fiber optic,56.59,Month-to-month,214.88,No
CUST0352,Male,0,Yes,Yes,29,Yes,DSL,42.94,Month-to-month,1229.42,No
CUST0353,Female,1,Yes,No,59,Yes,Fiber optic,41.83,One year,2505.43,No
CUST0354,Female,0,Yes,Yes,17,Yes,DSL,25.47,One year,439.38,No
CUST0355,Male,0,Yes,Yes,43,No,DSL,21.77,Month-to-month,937.75,No
CUST0356,Female,0,No,No,66,Yes,DSL,30.28,Two year,2021.18,No
CUST0357,Female,0,Yes,No,34,Yes,Fiber optic,37.22,Month-to-month,1273.46,No
CUST0358,Male,0,No,Yes,8,Yes,Fiber optic,63.1,Month-to-month,471.05,Yes
CUST0359,Male,0,Yes,Yes,13,Yes,DSL,71.05,One year,941.07,No
CUST0360,Female,0,No,No,8,Yes,Fiber optic,34.06,One year,235.83,No
CUST0361,Male,0,No,Yes,65,No,None,62.48,One year,4091.79,No
CUST0362,Male,0,No,Yes,43,Yes,DSL,54.17,Two year,2378.28,No
CUST0363,Female,0,No,Yes,39,Yes,DSL,38.34,One year,1483.0,Yes
CUST0364,Male,0,No,Yes,59,Yes,Fiber optic,20.68,Two year,1214.6,No
CUST0365,Male,0,No,Yes,44,Yes,DSL,66.7,Month-to-month,2889.44,No
CUST0366,Female,0,Yes,Yes,9,Yes,Fiber optic,88.57,One year,748.5,No
CUST0367,Female,0,No,Yes,37,Yes,DSL,42.63,Two year,1619.45,No
CUST0368,Male,1,Yes,No,36,Yes,Fiber optic,33.18,One year,1157.34,No
CUST0369,Male,1,Yes,No,28,Yes,Fiber optic,108.7,Month-to-month,3038.18,No
CUST0370,Female,0,No,No,42,Yes,Fiber optic,47.5,Month-to-month,2026.54,Yes
CUST0371,Female,0,Yes,No,43,Yes,Fiber optic,42.36,Month-to-month,1860.41,No
CUST0372,Female,0,No,No,42,Yes,Fiber optic,105.71,Month-to-month,4441.76,No
CUST0373,Female,0,Yes,Yes,66,Yes,Fiber optic,101.71,Two year,6719.36,No
CUST0374,Male,0,No,Yes,55,Yes,Fiber optic,64.83,Month-to-month,3582.62,Yes
CUST0375,Female,0,Yes,Yes,72,No,DSL,68.92,Month-to-month,5008.38,No
CUST0376,Female,0,No,Yes,48,Yes,Fiber optic,41.77,Two year,2015.23,No
CUST0377,Male,0,No,No,22,Yes,DSL,27.83,Month-to-month,618.21,No
CUST0378,Female,0,No,Yes,27,Yes,Fiber optic,77.34,Month-to-month,2039.63,No
CUST0379,Male,0,No,Yes,67,Yes,DSL,29.83,Month-to-month,1956.7,Yes
CUST0380,Female,0,Yes,No,13,Yes,Fiber optic,64.93,One year,851.81,No
CUST0381,Female,0,No,Yes,45,Yes,DSL,114.05,Month-to-month,5175.87,Yes
CUST0382,Female,0,Yes,Yes,10,Yes,Fiber optic,115.28,Two year,1189.47,No
CUST0383,Male,0,Yes,No,9,No,Fiber optic,43.93,Month-to-month,443.63,No
CUST0384,Male,0,Yes,Yes,54,Yes,DSL,82.41,Month-to-month,4452.92,Yes
CUST0385,Female,0,No,Yes,27,Yes,Fiber optic,67.41,Month-to-month,1848.86,Yes
CUST0386,Male,0,Yes,Yes,34,Yes,DSL,107.57,One year,3691.42,No
CUST0387,Male,0,Yes,Yes,1,Yes,Fiber optic,47.14,Month-to-month,61.94,No
CUST0388,Male,0,Yes,Yes,32,Yes,Fiber optic,20.37,Month-to-month,635.71,No
CUST0389,Male,0,No,No,71,Yes,DSL,36.26,Month-to-month,2571.46,No
CUST0390,Male,0,No,No,67,Yes,None,54.95,Two year,3717.44,No
CUST0391,Male,1,Yes,No,20,Yes,DSL,51.57,Month-to-month,1011.25,Yes
CUST0392,Female,0,No,No,35,Yes,DSL,99.14,One year,3512.27,No
CUST0393,Female,0,No,No,17,Yes,None,88.06,Two year,1470.0,No
CUST0394,Male,0,Yes,No,18,Yes,DSL,49.96,Month-to-month,924.23,Yes
CUST0395,Female,0,Yes,Yes,45,Yes,None,65.77,Month-to-month,2972.71,Yes
CUST0396,Female,0,No,No,53,Yes,None,29.56,Month-to-month,1591.64,Yes
CUST0397,Female,1,Yes,No,68,Yes,DSL,109.81,Month-to-month,7460.81,No
CUST0398,Female,0,No,Yes,65,Yes,Fiber optic,113.54,Month-to-month,7423.36,No
CUST0399,Male,0,No,Yes,1,Yes,DSL,117.98,Month-to-month,131.23,No
CUST0400,Female,0,No,No,58,No,Fiber optic,106.86,Month-to-month,6176.71,Yes
CUST0401,Female,0,No,Yes,26,Yes,DSL,37.4,Month-to-month,986.25,Yes
CUST0402,Male,0,No,No,20,Yes,DSL,24.62,Month-to-month,471.08,No
CUST0403,Male,0,No,Yes,10,Yes,DSL,77.96,Month-to-month,758.96,No
CUST0404,Female,0,Yes,No,59,Yes,Fiber optic,111.26,One year,6554.3,Yes
CUST0405,Female,1,Yes,Yes,41,Yes,None,37.74,Two year,1582.58,No
CUST0406,Female,0,No,Yes,5,Yes,Fiber optic,20.7,Two year,103.53,No
CUST0407,Female,0,No,No,65,Yes,Fiber optic,100.55,Month-to-month,6553.64,Yes
CUST0408,Female,0,No,No,17,Yes,Fiber optic,27.68,Month-to-month,459.76,Yes
CUST0409,Female,0,Yes,No,22,Yes,Fiber optic,61.37,Month-to-month,1326.5,No
CUST0410,Male,0,No,No,41,Yes,DSL,87.89,Month-to-month,3648.95,No
CUST0411,Female,0,Yes,No,68,Yes,Fiber optic,43.68,Month-to-month,2980.6,No
CUST0412,Female,0,No,Yes,69,Yes,None,28.4,One year,2003.0,No
CUST0413,Male,0,No,No,11,Yes,DSL,97.0,Month-to-month,1037.34,Yes
CUST0414,Male,0,Yes,No,56,Yes,Fiber optic,83.02,Month-to-month,4613.81,Yes
CUST0415,Male,0,Yes,Yes,51,Yes,Fiber optic,118.85,Two year,6096.93,No
CUST0416,Male,0,No,Yes,21,Yes,None,54.43,Month-to-month,1161.12,No
CUST0417,Female,1,No,No,26,Yes,Fiber optic,26.18,Month-to-month,649.34,Yes
CUST0418,Female,0,No,Yes,19,Yes,DSL,93.44,Month-to-month,1752.3,No
CUST0419,Female,0,Yes,Yes,60,Yes,DSL,72.17,Month-to-month,4360.27,No
CUST0420,Female,1,Yes,No,71,Yes,DSL,41.32,One year,2929.11,No
CUST0421,Female,0,Yes,Yes,47,Yes,Fiber optic,98.17,Month-to-month,4631.04,Yes
CUST0422,Female,1,Yes,Yes,71,Yes,DSL,40.38,Month-to-month,2848.82,No
CUST0423,Male,0,Yes,No,26,Yes,Fiber optic,46.07,One year,1185.94,No
CUST0424,Female,0,Yes,No,40,Yes,DSL,29.25,Two year,1219.07,No
CUST0425,Male,0,No,Yes,5,Yes,DSL,59.94,Two year,274.46,No
CUST0426,Male,0,No,Yes,21,Yes,Fiber optic,61.89,Two year,1300.34,No
CUST0427,Female,0,Yes,No,4,Yes,Fiber optic,71.46,Month-to-month,320.28,Yes
CUST0428,Male,0,No,Yes,23,Yes,DSL,90.9,Month-to-month,2064.62,No
CUST0429,Female,0,No,Yes,15,Yes,Fiber optic,110.61,Month-to-month,1650.67,No
CUST0430,Male,0,Yes,Yes,8,Yes,Fiber optic,33.77,Month-to-month,281.67,Yes
CUST0431,Female,0,No,No,41,No,DSL,25.43,One year,1040.75,Yes
CUST0432,Male,1,Yes,Yes,19,Yes,DSL,21.85,Two year,411.1,No
CUST0433,Female,0,Yes,Yes,46,Yes,Fiber optic,34.36,Month-to-month,1566.81,Yes
CUST0434,Female,0,No,No,28,Yes,Fiber optic,85.79,Month-to-month,2410.78,Yes
CUST0435,Female,0,Yes,Yes,68,Yes,DSL,92.75,Month-to-month,6319.44,No
CUST0436,Female,0,Yes,Yes,15,Yes,Fiber optic,98.65,Two year,1495.08,No
CUST0437,Female,1,Yes,No,37,Yes,None,44.37,Month-to-month,1598.73,No
CUST0438,Male,0,Yes,No,1,Yes,Fiber optic,50.59,Two year,63.69,No
CUST0439,Male,0,Yes,No,67,Yes,Fiber optic,68.31,Two year,4622.09,No
CUST0440,Male,0,Yes,No,24,Yes,Fiber optic,26.32,Two year,635.78,No
CUST0441,Female,0,Yes,Yes,27,Yes,None,81.11,One year,2211.5,No
CUST0442,Male,0,Yes,Yes,40,Yes,Fiber optic,118.37,One year,4740.47,No
CUST0443,Female,0,No,No,63,Yes,Fiber optic,56.08,Month-to-month,3568.51,Yes
CUST0444,Female,0,No,No,61,Yes,Fiber optic,95.28,Month-to-month,5855.04,No
CUST0445,Male,0,No,Yes,36,Yes,Fiber optic,70.0,Month-to-month,2488.42,No
CUST0446,Male,0,Yes,No,24,No,DSL,32.78,Month-to-month,780.41,No
CUST0447,Female,1,Yes,Yes,24,Yes,Fiber optic,78.22,Two year,1866.52,No
CUST0448,Male,1,No,No,4,Yes,Fiber optic,49.99,Month-to-month,190.48,No
CUST0449,Female,0,No,Yes,67,Yes,Fiber optic,23.44,Two year,1533.03,Yes
CUST0450,Female,0,No,No,34,Yes,Fiber optic,83.49,Month-to-month,2870.02,No
CUST0451,Female,0,Yes,No,57,Yes,Fiber optic,105.89,Month-to-month,5989.31,Yes
CUST0452,Female,0,No,Yes,49,Yes,DSL,54.48,Two year,2672.34,No
CUST0453,Female,1,No,No,53,Yes,Fiber optic,59.03,Month-to-month,3144.78,No
CUST0454,Male,0,Yes,Yes,23,Yes,Fiber optic,109.1,Month-to-month,2480.05,Yes
CUST0455,Male,0,No,Yes,69,Yes,DSL,101.36,Month-to-month,7034.43,Yes
CUST0456,Female,0,Yes,Yes,53,Yes,DSL,91.5,One year,4883.35,No
CUST0457,Female,0,Yes,Yes,62,Yes,None,44.88,Month-to-month,2779.67,No
CUST0458,Male,0,Yes,Yes,41,Yes,DSL,111.02,Month-to-month,4542.93,No
CUST0459,Male,0,No,No,57,Yes,DSL,35.44,Month-to-month,1993.74,Yes
CUST0460,Female,0,No,No,60,No,None,82.68,One year,4983.8,No
CUST0461,Male,0,Yes,Yes,54,Yes,Fiber optic,22.88,One year,1198.69,Yes
CUST0462,Female,0,No,No,70,Yes,Fiber optic,84.37,Month-to-month,5923.92,Yes
CUST0463,Male,0,No,Yes,57,Yes,Fiber optic,47.71,Month-to-month,2753.72,Yes
CUST0464,Female,0,No,No,10,Yes,DSL,64.97,Two year,622.55,No
CUST0465,Male,0,No,No,40,Yes,Fiber optic,54.53,Month-to-month,2217.84,No
CUST0466,Female,0,Yes,No,7,No,Fiber optic,37.28,Month-to-month,214.29,No
CUST0467,Male,0,No,No,38,Yes,Fiber optic,82.2,Month-to-month,3164.88,No
CUST0468,Male,0,Yes,Yes,61,Yes,Fiber optic,108.2,Two year,6562.04,Yes
CUST0469,Female,0,Yes,Yes,3,Yes,Fiber optic,115.91,Month-to-month,362.31,No
CUST0470,Male,0,No,No,51,Yes,Fiber optic,39.23,Month-to-month,1975.74,No
CUST0471,Female,1,Yes,No,47,Yes,Fiber optic,91.74,One year,4345.44,No
CUST0472,Male,0,No,Yes,68,Yes,Fiber optic,86.43,One year,5878.47,No
CUST0473,Female,0,No,No,38,Yes,Fiber optic,54.34,Month-to-month,2028.44,No
CUST0474,Male,0,Yes,Yes,36,Yes,Fiber optic,21.91,Month-to-month,795.86,No
CUST0475,Female,0,Yes,Yes,41,Yes,Fiber optic,88.98,One year,3638.97,No
CUST0476,Male,0,Yes,Yes,69,Yes,Fiber optic,114.55,Two year,7920.09,No
CUST0477,Female,0,Yes,No,13,No,Fiber optic,83.21,One year,1119.92,Yes
CUST0478,Male,0,No,Yes,58,Yes,Fiber optic,63.53,Month-to-month,3675.68,No
CUST0479,Female,0,No,No,50,Yes,Fiber optic,72.52,Month-to-month,3604.99,Yes
CUST0480,Female,0,No,Yes,30,Yes,None,39.96,Two year,1150.25,No
CUST0481,Female,0,Yes,No,62,Yes,Fiber optic,95.05,Two year,5900.58,No
CUST0482,Male,0,Yes,No,25,No,Fiber optic,94.64,Month-to-month,2356.23,No
CUST0483,Female,0,Yes,No,27,Yes,Fiber optic,34.55,Month-to-month,920.31,No
CUST0484,Male,0,No,Yes,51,Yes,None,107.8,One year,5466.09,No
CUST0485,Female,0,Yes,Yes,57,Yes,Fiber optic,46.92,Month-to-month,2667.45,Yes
CUST0486,Male,0,No,No,47,Yes,Fiber optic,118.23,Month-to-month,5605.25,No
CUST0487,Female,0,Yes,No,39,Yes,Fiber optic,58.29,Month-to-month,2253.09,No
CUST0488,Male,0,No,No,16,Yes,Fiber optic,37.79,Month-to-month,614.61,No
CUST0489,Male,0,No,Yes,22,Yes,DSL,55.17,Month-to-month,1241.39,No
CUST0490,Female,0,Yes,Yes,54,Yes,Fiber optic,64.02,One year,3482.0,No
CUST0491,Male,0,Yes,Yes,21,Yes,None,26.93,Month-to-month,548.41,Yes
CUST0492,Male,0,No,Yes,72,No,Fiber optic,77.82,Month-to-month,5614.13,No
CUST0493,Female,0,No,No,16,Yes,Fiber optic,79.76,Month-to-month,1313.29,No
CUST0494,Male,0,Yes,No,59,Yes,None,93.89,Month-to-month,5491.05,Yes
CUST0495,Male,0,Yes,Yes,31,Yes,Fiber optic,22.92,Month-to-month,704.09,No
CUST0496,Male,1,No,Yes,42,Yes,Fiber optic,74.12,Month-to-month,3085.47,No
CUST0497,Female,0,Yes,No,32,Yes,Fiber optic,25.29,One year,798.14,No
CUST0498,Male,1,No,Yes,59,Yes,Fiber optic,90.11,Month-to-month,5308.09,No
CUST0499,Female,0,No,Yes,34,No,DSL,25.57,Month-to-month,894.05,No
CUST0500,Male,0,Yes,Yes,9,Yes,Fiber optic,111.17,Month-to-month,959.91,No
CUST0501,Male,0,Yes,Yes,11,Yes,Fiber optic,90.21,Month-to-month,993.57,No
CUST0502,Male,1,Yes,Yes,10,Yes,DSL,70.74,Two year,713.82,No
CUST0503,Female,0,Yes,Yes,17,Yes,Fiber optic,64.15,Month-to-month,1089.97,No
CUST0504,Male,0,Yes,No,68,Yes,Fiber optic,33.07,Two year,2271.95,Yes
CUST0505,Male,0,No,Yes,48,Yes,DSL,49.1,Month-to-month,2345.18,Yes
CUST0506,Female,0,No,Yes,52,Yes,Fiber optic,106.9,Two year,5603.3,No
CUST0507,Male,0,Yes,No,25,Yes,DSL,110.45,Month-to-month,2759.43,No
CUST0508,Female,0,Yes,No,21,Yes,Fiber optic,20.07,One year,428.59,No
CUST0509,Female,0,Yes,No,65,Yes,Fiber optic,79.41,Month-to-month,5194.2,No
CUST0510,Male,0,No,Yes,63,Yes,Fiber optic,91.93,Month-to-month,5769.11,Yes
CUST0511,Female,1,Yes,No,51,Yes,DSL,81.87,Two year,4132.89,No
CUST0512,Male,1,Yes,Yes,36,Yes,DSL,28.17,One year,1034.9,No
CUST0513,Female,0,No,Yes,66,Yes,DSL,41.77,Month-to-month,2755.12,No
CUST0514,Female,0,No,Yes,15,Yes,Fiber optic,45.03,Month-to-month,715.1,No
CUST0515,Male,1,Yes,No,39,Yes,DSL,103.17,Month-to-month,4071.9,Yes
CUST0516,Female,0,Yes,No,70,Yes,Fiber optic,66.32,Two year,4632.31,No
CUST0517,Female,0,Yes,No,1,No,DSL,68.68,Month-to-month,60.22,No
CUST0518,Female,1,No,No,23,Yes,Fiber optic,113.49,Month-to-month,2601.07,Yes
CUST0519,Female,0,Yes,No,39,Yes,DSL,83.71,One year,3247.15,No
CUST0520,Female,0,Yes,Yes,57,Yes,DSL,109.87,Two year,6290.76,No
CUST0521,Male,0,Yes,Yes,34,Yes,Fiber optic,65.65,One year,2258.0,Yes
CUST0522,Female,1,No,Yes,41,Yes,DSL,34.94,One year,1430.4,No
CUST0523,Male,1,No,Yes,13,Yes,DSL,112.99,One year,1423.34,No
CUST0524,Female,1,Yes,No,70,Yes,Fiber optic,65.87,Month-to-month,4591.86,No
CUST0525,Male,0,Yes,No,6,Yes,Fiber optic,38.16,Month-to-month,208.19,No
CUST0526,Male,1,No,Yes,52,No,Fiber optic,50.24,Two year,2643.59,No
CUST0527,Female,0,No,No,3,Yes,DSL,25.08,Month-to-month,34.0,Yes
CUST0528,Female,0,No,No,63,Yes,Fiber optic,66.83,Two year,4240.86,No
CUST0529,Female,0,No,Yes,49,Yes,DSL,105.31,Month-to-month,5177.11,Yes
CUST0530,Male,0,No,Yes,47,Yes,DSL,113.36,Month-to-month,5351.16,Yes
CUST0531,Female,0,No,No,55,Yes,Fiber optic,113.26,Two year,6222.52,No
CUST0532,Male,0,No,No,64,Yes,Fiber optic,32.52,One year,2099.25,Yes
CUST0533,Male,0,No,Yes,65,Yes,DSL,58.21,Month-to-month,3794.55,No
CUST0534,Male,0,No,Yes,67,Yes,Fiber optic,22.82,One year,1555.84,No
CUST0535,Female,0,Yes,Yes,15,Yes,DSL,105.52,One year,1577.48,No
CUST0536,Female,0,Yes,No,32,Yes,Fiber optic,55.88,Month-to-month,1785.44,No
CUST0537,Male,0,Yes,Yes,68,Yes,DSL,83.11,Month-to-month,5665.84,No
CUST0538,Male,0,No,Yes,18,Yes,DSL,91.49,Two year,1607.63,No
CUST0539,Female,0,Yes,No,43,Yes,Fiber optic,62.98,Two year,2701.76,No
CUST0540,Male,0,No,No,35,Yes,Fiber optic,50.64,Month-to-month,1819.6,No
CUST0541,Female,0,No,No,58,Yes,Fiber optic,116.22,Two year,6694.52,No
CUST0542,Male,0,Yes,No,33,Yes,DSL,116.45,Two year,3824.45,No
CUST0543,Female,0,No,No,14,Yes,DSL,48.94,Month-to-month,666.57,No
CUST0544,Male,1,Yes,Yes,34,No,Fiber optic,67.96,One year,2323.99,Yes
CUST0545,Female,0,Yes,Yes,61,Yes,DSL,117.28,Month-to-month,7114.66,No
CUST0546,Male,0,Yes,No,4,Yes,Fiber optic,20.49,Month-to-month,94.81,No
CUST0547,Female,0,No,No,59,Yes,DSL,61.27,One year,3574.43,No
CUST0548,Female,1,Yes,No,29,Yes,Fiber optic,30.05,Two year,830.95,No
CUST0549,Male,0,No,No,6,Yes,Fiber optic,70.92,One year,448.34,No
CUST0550,Male,1,Yes,No,49,Yes,DSL,22.47,Month-to-month,1083.44,No
CUST0551,Female,0,Yes,Yes,40,Yes,Fiber optic,60.69,Month-to-month,2475.34,Yes
CUST0552,Male,1,Yes,Yes,65,Yes,Fiber optic,42.07,Month-to-month,2688.29,Yes
CUST0553,Female,0,No,Yes,69,Yes,DSL,73.33,Month-to-month,5054.28,Yes
CUST0554,Male,1,No,Yes,27,No,None,119.6,Month-to-month,3190.51,No
CUST0555,Female,0,No,No,6,Yes,Fiber optic,100.05,Month-to-month,585.44,Yes
CUST0556,Female,0,Yes,Yes,13,Yes,DSL,104.56,Month-to-month,1409.1,No
CUST0557,Female,0,Yes,No,64,Yes,Fiber optic,83.53,One year,5384.8,No
CUST0558,Female,0,No,No,62,Yes,DSL,24.16,Month-to-month,1452.75,No
CUST0559,Female,0,No,No,19,Yes,Fiber optic,40.68,Month-to-month,779.25,No
CUST0560,Female,1,No,Yes,43,Yes,Fiber optic,112.51,Month-to-month,4852.71,Yes
CUST0561,Male,1,No,No,20,Yes,Fiber optic,56.61,Month-to-month,1103.15,Yes
CUST0562,Male,0,No,Yes,68,Yes,None,30.36,Month-to-month,2028.99,No
CUST0563,Male,0,No,Yes,44,Yes,Fiber optic,90.24,Month-to-month,4011.0,Yes
CUST0564,Female,0,Yes,No,23,Yes,Fiber optic,49.95,Two year,1195.73,No
CUST0565,Female,0,No,No,2,Yes,DSL,46.89,Month-to-month,142.97,No
CUST0566,Female,0,Yes,No,22,Yes,Fiber optic,119.8,One year,2664.58,No
CUST0567,Female,0,Yes,Yes,57,Yes,DSL,105.81,Two year,6047.52,No
CUST0568,Male,0,No,No,72,Yes,Fiber optic,60.79,One year,4361.45,No
CUST0569,Male,0,No,Yes,7,Yes,Fiber optic,118.03,Month-to-month,793.35,No
CUST0570,Female,0,Yes,No,56,No,DSL,85.01,Two year,4718.46,No
CUST0571,Male,0,No,No,67,Yes,DSL,94.2,Month-to-month,6330.73,No
CUST0572,Male,0,No,Yes,16,Yes,DSL,23.15,Month-to-month,398.87,No
CUST0573,Female,0,Yes,Yes,51,Yes,Fiber optic,32.16,Two year,1672.81,No
CUST0574,Male,1,Yes,Yes,72,Yes,Fiber optic,83.31,One year,6039.7,Yes
CUST0575,Female,0,Yes,Yes,12,Yes,Fiber optic,109.9,Month-to-month,1356.79,No
CUST0576,Male,0,No,Yes,53,No,Fiber optic,82.37,Month-to-month,4415.58,Yes
CUST0577,Female,0,Yes,Yes,5,Yes,Fiber optic,33.4,Month-to-month,141.41,Yes
CUST0578,Female,0,No,No,27,Yes,DSL,31.58,Month-to-month,878.99,No
CUST0579,Female,1,Yes,No,12,Yes,DSL,104.42,Month-to-month,1261.69,Yes
CUST0580,Female,0,Yes,Yes,17,Yes,Fiber optic,33.93,Two year,552.93,No
CUST0581,Male,0,Yes,No,6,Yes,Fiber optic,72.02,Two year,480.31,No
CUST0582,Female,0,No,Yes,5,No,DSL,23.71,Two year,158.34,No
CUST0583,Female,1,No,No,57,Yes,DSL,28.07,Month-to-month,1562.84,No
CUST0584,Female,1,Yes,No,28,Yes,DSL,87.23,One year,2395.06,No
CUST0585,Male,0,Yes,Yes,69,Yes,Fiber optic,88.92,Two year,6154.31,No
CUST0586,Female,0,Yes,Yes,59,Yes,DSL,54.15,Two year,3205.26,No
CUST0587,Male,0,No,Yes,33,Yes,Fiber optic,41.56,Month-to-month,1415.06,No
CUST0588,Female,1,Yes,No,62,Yes,Fiber optic,101.37,Month-to-month,6258.34,No
CUST0589,Male,0,No,Yes,50,Yes,DSL,41.71,Month-to-month,2043.94,No
CUST0590,Male,1,Yes,No,19,Yes,None,74.2,Month-to-month,1385.72,No
CUST0591,Female,0,Yes,Yes,69,Yes,Fiber optic,116.82,One year,8012.47,No
CUST0592,Male,0,Yes,No,66,Yes,Fiber optic,34.79,Two year,2249.73,No
CUST0593,Female,0,Yes,No,47,Yes,Fiber optic,114.09,Month-to-month,5403.72,Yes
CUST0594,Female,0,Yes,Yes,39,Yes,Fiber optic,38.29,Month-to-month,1478.51,No
CUST0595,Female,0,Yes,No,68,Yes,Fiber optic,76.74,Month-to-month,5209.4,No
CUST0596,Male,0,No,No,33,Yes,Fiber optic,57.7,Month-to-month,1855.94,No
CUST0597,Male,0,Yes,Yes,13,Yes,DSL,116.49,Month-to-month,1491.42,No
CUST0598,Female,0,No,No,54,Yes,DSL,47.35,One year,2587.37,No
CUST0599,Female,0,Yes,Yes,7,Yes,DSL,59.97,Month-to-month,431.34,No
CUST0600,Male,0,Yes,Yes,14,Yes,DSL,118.29,One year,1681.44,No
CUST0601,Female,1,No,Yes,19,Yes,DSL,73.65,Month-to-month,1394.07,No
CUST0602,Female,1,Yes,Yes,54,Yes,DSL,70.26,Month-to-month,3775.01,No
CUST0603,Female,1,No,No,20,Yes,Fiber optic,45.78,Month-to-month,913.88,No
CUST0604,Male,1,No,No,29,Yes,Fiber optic,90.14,Two year,2596.37,No
CUST0605,Male,0,Yes,No,24,Yes,None,21.44,Month-to-month,548.46,No
CUST0606,Male,0,No,Yes,63,Yes,Fiber optic,24.95,Two year,1551.62,No
CUST0607,Female,0,No,No,57,Yes,Fiber optic,79.94,Month-to-month,4572.56,No
CUST0608,Female,0,Yes,No,8,Yes,Fiber optic,54.17,Two year,397.06,No
CUST0609,Female,0,No,Yes,62,Yes,Fiber optic,115.33,Two year,7169.15,No
CUST0610,Male,0,Yes,Yes,29,Yes,DSL,110.32,Month-to-month,3240.61,No
CUST0611,Female,0,Yes,No,17,Yes,None,91.37,One year,1564.15,No
CUST0612,Female,0,Yes,Yes,66,Yes,Fiber optic,101.81,Month-to-month,6725.45,No
CUST0613,Female,0,Yes,Yes,6,Yes,Fiber optic,86.73,Two year,566.49,No
CUST0614,Female,0,No,Yes,58,Yes,DSL,32.56,Month-to-month,1901.22,No
CUST0615,Male,0,Yes,Yes,69,Yes,DSL,96.55,Month-to-month,6637.91,No
CUST0616,Male,0,Yes,No,28,Yes,Fiber optic,41.02,One year,1127.8,No
CUST0617,Female,1,No,Yes,62,Yes,Fiber optic,52.34,Two year,3265.61,No
CUST0618,Male,0,Yes,Yes,41,Yes,DSL,101.92,Month-to-month,4202.26,Yes
CUST0619,Male,0,Yes,Yes,69,Yes,DSL,73.65,One year,5062.2,Yes
CUST0620,Female,1,No,Yes,41,Yes,Fiber optic,105.99,Month-to-month,4330.12,Yes
CUST0621,Female,1,No,Yes,49,No,Fiber optic,41.3,Month-to-month,2072.81,No
CUST0622,Male,1,No,Yes,49,Yes,DSL,80.78,One year,3918.42,No
CUST0623,Female,0,No,Yes,71,Yes,Fiber optic,28.38,Month-to-month,2005.44,No
CUST0624,Male,0,No,Yes,3,Yes,DSL,84.31,Month-to-month,209.17,No
CUST0625,Female,0,No,No,10,Yes,DSL,96.25,Two year,994.61,No
CUST0626,Male,0,No,Yes,35,Yes,Fiber optic,78.49,Month-to-month,2706.38,Yes
CUST0627,Female,0,Yes,No,2,Yes,DSL,46.62,One year,110.64,Yes
CUST0628,Male,0,No,Yes,24,Yes,Fiber optic,23.13,Month-to-month,510.77,No
CUST0629,Male,0,No,Yes,38,Yes,Fiber optic,31.94,Month-to-month,1231.01,No
CUST0630,Male,0,No,Yes,22,Yes,Fiber optic,82.23,Month-to-month,1843.36,No
CUST0631,Female,0,Yes,Yes,26,Yes,DSL,113.44,One year,2939.32,No
CUST0632,Male,0,Yes,No,43,Yes,DSL,40.65,One year,1750.16,No
CUST0633,Male,0,No,Yes,55,No,DSL,93.5,Month-to-month,5132.65,Yes
CUST0634,Female,0,No,Yes,39,Yes,Fiber optic,106.65,Month-to-month,4139.4,No
CUST0635,Female,0,No,No,29,Yes,Fiber optic,72.09,Two year,2120.94,No
CUST0636,Male,1,Yes,No,20,Yes,Fiber optic,86.93,Month-to-month,1715.8,No
CUST0637,Male,0,Yes,Yes,41,Yes,Fiber optic,101.5,Two year,4183.79,No
CUST0638,Female,0,No,No,54,Yes,None,46.07,Month-to-month,2458.4,No
CUST0639,Female,0,Yes,No,20,Yes,Fiber optic,49.69,One year,968.79,No
CUST0640,Female,0,No,No,19,Yes,DSL,20.06,Month-to-month,364.79,Yes
CUST0641,Female,0,Yes,Yes,66,Yes,DSL,116.31,Two year,7685.38,No
CUST0642,Female,0,Yes,Yes,30,Yes,Fiber optic,111.75,One year,3347.94,Yes
CUST0643,Male,0,No,Yes,53,Yes,DSL,96.46,Month-to-month,5136.89,No
CUST0644,Female,0,No,No,34,Yes,DSL,27.91,Month-to-month,920.3,No
CUST0645,Male,1,No,Yes,22,Yes,Fiber optic,64.75,One year,1375.57,No
CUST0646,Male,0,No,No,67,Yes,Fiber optic,30.19,One year,2050.39,No
CUST0647,Male,0,Yes,Yes,6,Yes,DSL,21.59,Month-to-month,161.7,Yes
CUST0648,Female,1,Yes,Yes,27,Yes,Fiber optic,81.62,Month-to-month,2159.69,Yes
CUST0649,Male,1,Yes,No,10,Yes,Fiber optic,116.08,Two year,1171.89,No
CUST0650,Male,0,No,Yes,48,No,Fiber optic,110.29,Month-to-month,5281.74,Yes
CUST0651,Female,0,Yes,No,70,Yes,DSL,89.68,One year,6306.99,No
CUST0652,Male,0,No,No,59,Yes,DSL,29.66,Month-to-month,1787.38,Yes
CUST0653,Male,0,Yes,Yes,59,Yes,Fiber optic,47.42,Two year,2832.88,No
CUST0654,Female,0,No,No,2,Yes,Fiber optic,52.01,Two year,131.74,No
CUST0655,Male,0,No,Yes,29,Yes,Fiber optic,96.32,Two year,2770.19,No
CUST0656,Male,0,Yes,Yes,68,Yes,Fiber optic,100.22,Month-to-month,6846.15,No
CUST0657,Male,1,No,No,65,Yes,DSL,58.51,Two year,3806.5,No
CUST0658,Female,1,No,Yes,26,Yes,DSL,61.79,Month-to-month,1561.82,No
CUST0659,Female,0,Yes,No,10,Yes,Fiber optic,24.45,Month-to-month,240.19,Yes
CUST0660,Female,0,No,Yes,53,No,DSL,48.91,Month-to-month,2636.45,No
CUST0661,Male,0,No,Yes,59,Yes,DSL,65.13,Month-to-month,3881.46,No
CUST0662,Male,0,No,Yes,22,Yes,Fiber optic,31.7,Two year,657.63,No
CUST0663,Female,0,Yes,Yes,51,Yes,DSL,65.33,Month-to-month,3356.24,No
CUST0664,Male,0,Yes,Yes,48,Yes,DSL,105.32,One year,5085.94,No
CUST0665,Male,0,No,No,21,Yes,Fiber optic,78.13,One year,1617.87,No
CUST0666,Female,0,Yes,No,22,Yes,DSL,27.89,One year,610.74,No
CUST0667,Female,0,No,No,30,Yes,DSL,39.17,Month-to-month,1196.2,No
CUST0668,Male,0,No,No,25,Yes,Fiber optic,67.45,Month-to-month,1680.15,No
CUST0669,Male,0,No,No,28,Yes,Fiber optic,56.15,Two year,1533.48,No
CUST0670,Male,0,No,No,65,Yes,DSL,55.87,Month-to-month,3652.14,Yes
CUST0671,Female,1,No,Yes,45,Yes,Fiber optic,72.93,Month-to-month,3323.01,No
CUST0672,Female,0,Yes,Yes,68,Yes,DSL,78.44,Month-to-month,5349.17,No
CUST0673,Female,0,No,No,7,Yes,Fiber optic,99.69,Month-to-month,725.21,Yes
CUST0674,Female,0,Yes,No,49,Yes,Fiber optic,54.1,Two year,2636.74,No
CUST0675,Male,0,Yes,Yes,9,Yes,Fiber optic,100.55,Month-to-month,873.27,No
CUST0676,Female,0,No,Yes,36,Yes,Fiber optic,53.86,Month-to-month,1953.24,No
CUST0677,Female,0,No,Yes,1,Yes,DSL,25.54,Month-to-month,8.32,Yes
CUST0678,Female,0,Yes,No,10,Yes,DSL,75.42,Month-to-month,790.21,No
CUST0679,Female,0,Yes,No,36,Yes,Fiber optic,78.79,Month-to-month,2798.7,No
CUST0680,Female,1,Yes,No,46,Yes,DSL,113.45,Month-to-month,5212.05,No
CUST0681,Male,0,No,Yes,32,Yes,DSL,92.61,Month-to-month,2953.19,No
CUST0682,Male,0,Yes,Yes,32,Yes,Fiber optic,111.78,One year,3620.77,No
CUST0683,Female,1,No,No,6,Yes,Fiber optic,110.83,Month-to-month,630.29,Yes
CUST0684,Male,0,No,No,48,Yes,Fiber optic,80.46,Month-to-month,3813.06,No
CUST0685,Female,1,No,Yes,38,Yes,DSL,72.78,Month-to-month,2739.45,Yes
CUST0686,Female,0,Yes,Yes,17,Yes,Fiber optic,75.74,Month-to-month,1319.61,No
CUST0687,Male,0,No,Yes,27,No,DSL,117.83,Two year,3152.34,No
CUST0688,Male,0,No,Yes,54,Yes,DSL,97.32,Month-to-month,5229.37,No
CUST0689,Female,0,No,No,50,Yes,Fiber optic,30.63,Month-to-month,1494.49,Yes
CUST0690,Female,0,No,Yes,35,Yes,DSL,97.84,Month-to-month,3445.94,No
CUST0691,Female,0,No,Yes,25,No,DSL,37.05,Two year,883.17,No
CUST0692,Male,0,Yes,Yes,28,Yes,Fiber optic,64.74,Month-to-month,1795.84,No
CUST0693,Female,0,No,No,15,Yes,DSL,41.05,Two year,594.0,No
CUST0694,Female,0,No,No,4,Yes,DSL,88.96,Month-to-month,361.36,No
CUST0695,Female,1,Yes,Yes,27,Yes,DSL,107.73,Two year,2931.75,No
CUST0696,Male,1,No,Yes,26,Yes,Fiber optic,49.04,Two year,1278.33,Yes
CUST0697,Female,1,Yes,Yes,19,Yes,Fiber optic,28.2,Month-to-month,578.9,No
CUST0698,Female,0,No,No,17,Yes,Fiber optic,49.85,Month-to-month,892.59,No
CUST0699,Male,0,Yes,No,43,No,Fiber optic,87.24,Month-to-month,3737.47,No
CUST0700,Female,0,Yes,No,41,Yes,Fiber optic,52.88,Month-to-month,2195.85,No
CUST0701,Female,0,No,Yes,42,Yes,Fiber optic,47.81,Month-to-month,2031.9,No
CUST0702,Male,0,No,No,50,Yes,DSL,38.44,Month-to-month,1961.3,No
CUST0703,Female,0,No,Yes,40,Yes,DSL,69.75,Month-to-month,2784.79,No
CUST0704,Male,0,Yes,Yes,39,Yes,Fiber optic,47.59,Month-to-month,1859.06,No
CUST0705,Male,0,Yes,Yes,23,Yes,DSL,93.1,Month-to-month,2132.88,No
CUST0706,Female,0,Yes,No,52,Yes,None,27.66,Month-to-month,1473.36,No
CUST0707,Female,0,No,Yes,47,Yes,Fiber optic,86.4,Month-to-month,4033.77,Yes
CUST0708,Female,0,Yes,No,63,Yes,Fiber optic,43.76,Two year,2730.85,No
CUST0709,Female,1,Yes,No,69,No,Fiber optic,68.93,Month-to-month,4743.43,Yes
CUST0710,Male,0,No,Yes,43,Yes,Fiber optic,48.61,One year,2063.26,Yes
CUST0711,Female,0,Yes,Yes,48,Yes,DSL,92.28,Month-to-month,4435.54,No
CUST0712,Male,0,Yes,No,34,Yes,Fiber optic,114.53,Month-to-month,3857.47,No
CUST0713,Female,0,No,Yes,40,Yes,Fiber optic,111.71,Month-to-month,4450.42,Yes
CUST0714,Female,0,Yes,No,61,Yes,None,78.34,Month-to-month,4820.08,No
CUST0715,Female,0,No,Yes,50,Yes,DSL,66.26,Two year,3303.92,No
CUST0716,Male,0,No,No,67,Yes,DSL,101.83,One year,6847.43,No
CUST0717,Female,0,No,No,62,Yes,DSL,88.33,Month-to-month,5437.81,No
CUST0718,Female,0,No,No,58,Yes,Fiber optic,38.36,Two year,2199.64,No
CUST0719,Female,0,No,No,33,Yes,Fiber optic,102.09,Month-to-month,3399.7,No
CUST0720,Female,1,Yes,Yes,16,Yes,DSL,62.89,Two year,1032.54,No
CUST0721,Male,0,Yes,Yes,48,Yes,Fiber optic,38.9,Two year,1855.82,No
CUST0722,Female,0,No,No,10,Yes,DSL,48.18,Month-to-month,527.24,Yes
CUST0723,Male,1,No,No,38,Yes,Fiber optic,46.75,Month-to-month,1817.56,No
CUST0724,Male,0,Yes,Yes,19,Yes,Fiber optic,71.92,Month-to-month,1412.71,No
CUST0725,Male,0,No,Yes,36,Yes,DSL,43.44,One year,1556.63,No
CUST0726,Male,0,No,Yes,59,Yes,Fiber optic,32.36,Month-to-month,1878.99,No
CUST0727,Male,0,No,Yes,63,Yes,None,32.37,Two year,2051.98,No
CUST0728,Male,1,Yes,Yes,46,Yes,Fiber optic,78.33,One year,3621.66,No
CUST0729,Female,0,Yes,Yes,3,Yes,Fiber optic,93.48,Month-to-month,242.98,No
CUST0730,Male,1,No,No,65,Yes,Fiber optic,52.15,Month-to-month,3418.4,No
CUST0731,Male,0,No,Yes,8,Yes,DSL,23.47,One year,139.57,No
CUST0732,Male,0,Yes,Yes,51,Yes,Fiber optic,32.72,Month-to-month,1666.99,Yes
CUST0733,Female,0,Yes,No,6,Yes,Fiber optic,111.47,One year,651.92,No
CUST0734,Female,0,No,Yes,39,Yes,Fiber optic,69.35,Month-to-month,2728.68,No
CUST0735,Male,0,No,Yes,60,Yes,DSL,65.36,Month-to-month,3902.88,No
CUST0736,Female,1,Yes,Yes,28,Yes,DSL,23.8,Month-to-month,699.08,No
CUST0737,Male,0,Yes,Yes,54,Yes,DSL,92.86,One year,5023.94,No
CUST0738,Male,1,Yes,Yes,37,No,DSL,72.81,Month-to-month,2723.36,Yes
CUST0739,Female,0,No,No,9,Yes,DSL,40.21,One year,410.82,No
CUST0740,Male,1,Yes,Yes,56,Yes,Fiber optic,31.01,Month-to-month,1754.48,No
CUST0741,Female,0,No,No,59,No,DSL,58.34,One year,3490.56,No
CUST0742,Female,0,Yes,No,2,Yes,DSL,103.72,Month-to-month,160.32,No
CUST0743,Male,0,Yes,Yes,61,Yes,Fiber optic,106.53,Month-to-month,6482.14,No
CUST0744,Male,0,Yes,No,58,Yes,DSL,80.28,One year,4617.03,No
CUST0745,Female,0,Yes,Yes,60,Yes,DSL,92.75,Month-to-month,5541.23,No
CUST0746,Male,0,No,No,40,Yes,DSL,31.52,Month-to-month,1294.69,No
CUST0747,Male,0,No,No,36,Yes,DSL,78.81,Month-to-month,2790.39,No
CUST0748,Male,1,Yes,Yes,37,Yes,Fiber optic,86.7,One year,3209.92,No
CUST0749,Female,0,No,Yes,18,Yes,DSL,40.07,Two year,727.97,No
CUST0750,Female,0,Yes,Yes,63,No,Fiber optic,108.02,Month-to-month,6811.38,No
CUST0751,Male,0,Yes,Yes,22,Yes,None,39.5,Month-to-month,866.53,No
CUST0752,Female,0,Yes,Yes,11,Yes,Fiber optic,51.35,One year,593.91,No
CUST0753,Female,0,Yes,No,58,Yes,Fiber optic,82.06,Month-to-month,4722.83,No
CUST0754,Female,0,No,No,57,Yes,Fiber optic,83.84,Two year,4759.94,No
CUST0755,Female,0,Yes,No,4,Yes,Fiber optic,89.94,Month-to-month,371.33,No
CUST0756,Female,0,Yes,No,7,No,DSL,31.2,Two year,237.5,No
CUST0757,Male,0,No,No,61,Yes,DSL,104.95,One year,6392.36,No
CUST0758,Male,0,Yes,No,54,Yes,Fiber optic,73.28,One year,3994.66,No
CUST0759,Male,0,Yes,No,68,Yes,DSL,67.13,One year,4556.39,No
CUST0760,Female,0,Yes,Yes,1,Yes,DSL,118.11,Month-to-month,108.39,No
CUST0761,Female,0,No,Yes,55,No,Fiber optic,94.04,Month-to-month,5125.82,Yes
CUST0762,Male,0,Yes,No,3,Yes,Fiber optic,31.8,Month-to-month,100.51,Yes
CUST0763,Female,0,No,No,38,Yes,DSL,95.65,One year,3655.57,No
CUST0764,Male,0,Yes,Yes,1,Yes,Fiber optic,29.52,One year,-9.04,No
CUST0765,Male,0,Yes,Yes,38,Yes,DSL,22.75,Two year,845.04,No
CUST0766,Male,0,No,Yes,29,Yes,Fiber optic,60.36,Month-to-month,1778.57,Yes
CUST0767,Female,0,Yes,Yes,5,Yes,DSL,119.36,Month-to-month,583.39,No
CUST0768,Female,0,Yes,No,21,Yes,DSL,37.49,Month-to-month,761.45,No
CUST0769,Male,0,No,Yes,71,Yes,Fiber optic,87.26,One year,6212.68,No
CUST0770,Male,0,No,No,67,Yes,Fiber optic,37.34,Month-to-month,2471.46,No
CUST0771,Male,1,No,No,47,Yes,Fiber optic,92.48,Month-to-month,4386.13,No
CUST0772,Male,0,No,No,35,Yes,Fiber optic,70.54,Two year,2429.46,No
CUST0773,Female,0,No,Yes,68,Yes,DSL,88.0,Month-to-month,6004.65,Yes
CUST0774,Female,0,Yes,Yes,69,Yes,Fiber optic,40.29,Month-to-month,2779.96,No
CUST0775,Male,0,No,No,1,Yes,DSL,94.56,Month-to-month,131.55,Yes
CUST0776,Male,0,Yes,No,68,Yes,DSL,119.56,One year,8092.7,No
CUST0777,Female,1,Yes,No,12,Yes,DSL,86.57,Month-to-month,1056.63,Yes
CUST0778,Female,0,Yes,Yes,60,Yes,Fiber optic,69.35,One year,4168.21,No
CUST0779,Male,0,No,No,27,Yes,None,112.32,Month-to-month,3030.65,Yes
CUST0780,Male,0,No,Yes,56,Yes,None,21.59,Two year,1208.18,No
CUST0781,Male,0,Yes,No,23,Yes,Fiber optic,92.99,Month-to-month,2160.97,Yes
CUST0782,Female,0,No,No,25,Yes,DSL,108.87,Month-to-month,2765.52,Yes
CUST0783,Female,0,No,No,21,No,Fiber optic,26.17,One year,508.7,No
CUST0784,Female,0,No,Yes,61,Yes,Fiber optic,65.01,One year,3917.56,No
CUST0785,Male,0,No,Yes,63,Yes,DSL,40.47,Month-to-month,2580.18,No
CUST0786,Male,0,Yes,No,52,Yes,None,76.65,One year,3946.62,No
CUST0787,Female,0,Yes,Yes,25,Yes,DSL,84.95,Month-to-month,2172.42,Yes
CUST0788,Female,0,No,No,55,Yes,None,50.26,Two year,2776.23,No
CUST0789,Male,0,Yes,Yes,46,Yes,Fiber optic,66.0,Two year,3051.09,No
CUST0790,Female,0,No,Yes,32,No,Fiber optic,47.93,Month-to-month,1503.65,Yes
CUST0791,Female,0,No,Yes,55,Yes,DSL,56.94,Two year,3105.73,No
CUST0792,Male,0,Yes,No,5,Yes,DSL,35.95,Month-to-month,195.69,No
CUST0793,Female,0,Yes,Yes,36,Yes,DSL,108.56,Month-to-month,3949.13,No
CUST0794,Male,0,Yes,Yes,49,Yes,DSL,21.0,Two year,1077.24,No
CUST0795,Male,0,No,No,58,Yes,DSL,108.24,One year,6247.72,No
CUST0796,Male,0,Yes,No,39,Yes,Fiber optic,77.17,Month-to-month,2973.04,No
CUST0797,Male,0,No,No,61,Yes,Fiber optic,53.17,Month-to-month,3199.01,Yes
CUST0798,Male,0,Yes,No,9,Yes,Fiber optic,92.31,Month-to-month,867.62,Yes
CUST0799,Male,0,Yes,Yes,6,Yes,Fiber optic,70.78,Two year,404.15,No
CUST0800,Male,0,No,Yes,35,Yes,DSL,69.91,Month-to-month,2397.03,Yes
CUST0801,Female,1,No,Yes,39,Yes,None,31.01,Month-to-month,1181.77,Yes
CUST0802,Male,0,No,Yes,22,Yes,DSL,58.95,Month-to-month,1280.94,No
CUST0803,Male,0,No,Yes,41,Yes,Fiber optic,44.11,Month-to-month,1857.61,No
CUST0804,Female,0,No,No,5,Yes,Fiber optic,21.57,Month-to-month,110.2,No
CUST0805,Female,1,No,Yes,42,Yes,Fiber optic,56.01,Month-to-month,2322.89,Yes
CUST0806,Female,0,No,Yes,67,Yes,DSL,28.98,Month-to-month,1925.14,Yes
CUST0807,Male,0,No,Yes,30,Yes,Fiber optic,45.68,Month-to-month,1353.43,No
CUST0808,Female,0,Yes,No,57,Yes,Fiber optic,29.25,Two year,1619.22,No
CUST0809,Male,0,No,No,29,Yes,DSL,30.09,Month-to-month,836.13,No
CUST0810,Male,0,No,Yes,37,Yes,Fiber optic,39.9,One year,1495.82,No
CUST0811,Male,1,Yes,No,13,No,None,119.98,One year,1521.77,No
CUST0812,Male,0,No,No,32,Yes,None,20.22,Two year,620.11,No
CUST0813,Female,0,Yes,No,46,Yes,DSL,83.87,Two year,3843.09,No
CUST0814,Female,0,Yes,No,23,Yes,DSL,34.12,Month-to-month,810.53,No
CUST0815,Male,0,No,No,45,Yes,DSL,112.06,Month-to-month,5050.94,No
CUST0816,Male,0,Yes,No,17,Yes,DSL,29.36,Month-to-month,518.02,Yes
CUST0817,Male,0,No,No,66,Yes,DSL,115.51,Month-to-month,7630.36,No
CUST0818,Female,0,Yes,Yes,6,Yes,DSL,81.09,One year,504.9,No
CUST0819,Male,0,Yes,Yes,18,Yes,None,20.13,One year,312.62,No
CUST0820,Male,0,Yes,No,22,Yes,None,109.4,Two year,2449.89,No
CUST0821,Female,0,No,Yes,33,Yes,DSL,72.17,Month-to-month,2342.7,No
CUST0822,Female,1,No,Yes,30,Yes,DSL,46.27,Two year,1378.72,No
CUST0823,Male,0,Yes,No,32,Yes,Fiber optic,96.73,Month-to-month,3122.46,No
CUST0824,Female,1,Yes,Yes,42,Yes,DSL,112.67,Month-to-month,4725.66,Yes
CUST0825,Female,0,No,No,10,Yes,Fiber optic,68.37,Month-to-month,728.38,No
CUST0826,Male,0,No,No,36,Yes,Fiber optic,51.56,One year,1852.92,No
CUST0827,Female,0,Yes,No,34,Yes,Fiber optic,98.89,Month-to-month,3399.75,No
CUST0828,Male,0,Yes,Yes,28,Yes,Fiber optic,88.18,Two year,2500.12,No
CUST0829,Female,0,No,Yes,11,No,Fiber optic,108.88,Two year,1245.78,No
CUST0830,Male,0,No,Yes,39,Yes,Fiber optic,89.25,Two year,3523.4,No
CUST0831,Male,0,No,Yes,47,Yes,DSL,44.35,Month-to-month,2124.26,Yes
CUST0832,Male,0,No,No,19,Yes,Fiber optic,113.17,Two year,2173.39,No
CUST0833,Female,1,No,No,15,Yes,Fiber optic,30.48,One year,443.9,No
CUST0834,Male,1,Yes,Yes,28,No,DSL,46.79,Month-to-month,1270.73,Yes
CUST0835,Female,0,No,No,24,Yes,DSL,72.02,Month-to-month,1747.34,No
CUST0836,Male,0,Yes,No,72,Yes,DSL,76.57,Month-to-month,5560.91,Yes
CUST0837,Male,0,No,Yes,9,Yes,None,21.53,Month-to-month,216.43,No
CUST0838,Female,0,Yes,No,47,Yes,DSL,98.06,Month-to-month,4651.69,No
CUST0839,Male,0,No,Yes,33,Yes,DSL,56.16,Two year,1883.71,No
CUST0840,Male,0,No,No,62,Yes,DSL,60.64,Month-to-month,3725.99,No
CUST0841,Female,0,Yes,Yes,19,No,Fiber optic,100.94,Month-to-month,1892.78,Yes
CUST0842,Male,1,Yes,No,67,Yes,DSL,57.93,Two year,3865.5,No
CUST0843,Male,0,No,No,40,Yes,None,24.72,Month-to-month,955.63,No
CUST0844,Male,0,No,Yes,47,Yes,Fiber optic,37.64,Two year,1777.25,No
CUST0845,Male,0,No,Yes,65,Yes,Fiber optic,115.59,Month-to-month,7560.9,No
CUST0846,Female,0,No,Yes,29,No,Fiber optic,27.04,Month-to-month,810.31,No
CUST0847,Female,0,No,Yes,50,No,DSL,55.49,Month-to-month,2766.84,Yes
CUST0848,Male,1,Yes,No,13,Yes,DSL,70.32,Month-to-month,864.61,Yes
CUST0849,Female,0,Yes,No,1,Yes,Fiber optic,69.33,Month-to-month,50.66,Yes
CUST0850,Male,1,No,Yes,34,Yes,DSL,20.4,One year,696.28,No
CUST0851,Female,0,Yes,No,48,No,DSL,70.12,Month-to-month,3348.19,Yes
CUST0852,Male,0,Yes,Yes,48,Yes,Fiber optic,58.38,Two year,2763.34,Yes
CUST0853,Male,0,Yes,Yes,49,Yes,DSL,117.21,Month-to-month,5737.57,No
CUST0854,Male,0,No,No,64,No,None,35.92,Month-to-month,2274.21,Yes
CUST0855,Male,1,Yes,No,61,No,DSL,55.42,One year,3421.54,No
CUST0856,Male,1,No,Yes,29,Yes,Fiber optic,61.95,Month-to-month,1756.73,Yes
CUST0857,Male,0,Yes,Yes,39,Yes,Fiber optic,59.07,One year,2258.65,No
CUST0858,Female,0,No,Yes,26,No,Fiber optic,86.58,Two year,2201.61,No
CUST0859,Male,0,Yes,No,17,Yes,DSL,41.55,One year,689.16,Yes
CUST0860,Female,1,No,No,71,No,Fiber optic,42.11,Month-to-month,3005.85,No
CUST0861,Male,0,No,No,13,Yes,Fiber optic,92.92,Month-to-month,1231.0,No
CUST0862,Female,0,Yes,No,69,Yes,Fiber optic,70.03,One year,4827.4,No
CUST0863,Female,0,No,Yes,26,Yes,DSL,61.52,Two year,1617.95,No
CUST0864,Female,0,No,Yes,49,Yes,Fiber optic,36.92,Month-to-month,1795.07,No
CUST0865,Male,0,No,Yes,67,Yes,Fiber optic,38.75,Month-to-month,2613.03,Yes
CUST0866,Male,0,No,Yes,7,Yes,Fiber optic,21.06,Month-to-month,101.48,Yes
CUST0867,Female,1,No,Yes,58,Yes,None,29.14,Month-to-month,1679.2,No
CUST0868,Male,0,No,Yes,49,Yes,DSL,75.68,Month-to-month,3737.4,No
CUST0869,Female,0,No,No,53,Yes,Fiber optic,109.19,Month-to-month,5817.37,No
CUST0870,Male,1,No,No,65,Yes,Fiber optic,48.72,Two year,3188.41,No
CUST0871,Female,0,Yes,Yes,62,Yes,Fiber optic,52.77,Two year,3242.16,No
CUST0872,Female,1,Yes,Yes,17,Yes,Fiber optic,31.56,One year,511.24,No
CUST0873,Male,0,No,No,43,Yes,None,58.86,Month-to-month,2580.59,No
CUST0874,Female,0,No,No,25,Yes,Fiber optic,23.72,Month-to-month,553.34,No
CUST0875,Male,1,Yes,No,3,Yes,DSL,111.76,Two year,303.35,No
CUST0876,Female,0,Yes,No,29,Yes,DSL,87.31,Two year,2494.99,No
CUST0877,Female,0,Yes,Yes,32,No,Fiber optic,119.07,Two year,3793.01,No
CUST0878,Male,0,No,Yes,26,Yes,Fiber optic,108.28,One year,2786.3,No
CUST0879,Male,0,Yes,Yes,16,Yes,DSL,67.3,Month-to-month,1076.57,No
CUST0880,Male,0,No,Yes,25,No,DSL,71.97,Two year,1796.85,No
CUST0881,Female,0,No,Yes,54,Yes,DSL,39.06,Month-to-month,2149.39,Yes
CUST0882,Male,1,Yes,No,28,Yes,Fiber optic,66.2,Month-to-month,1807.07,Yes
CUST0883,Female,0,No,Yes,56,Yes,DSL,110.3,One year,6158.79,No
CUST0884,Female,0,No,No,65,Yes,Fiber optic,25.09,Month-to-month,1640.52,No
CUST0885,Male,0,No,Yes,41,Yes,Fiber optic,106.36,Month-to-month,4371.24,No
CUST0886,Male,0,No,Yes,51,Yes,Fiber optic,54.09,Month-to-month,2756.6,No
CUST0887,Female,0,Yes,Yes,71,Yes,Fiber optic,109.95,Month-to-month,7838.02,Yes
CUST0888,Female,1,Yes,Yes,29,Yes,Fiber optic,114.09,Two year,3264.88,No
CUST0889,Male,0,No,Yes,19,Yes,DSL,87.09,Month-to-month,1686.26,No
CUST0890,Male,0,No,No,66,Yes,Fiber optic,86.44,Month-to-month,5704.52,No
CUST0891,Male,0,Yes,No,41,Yes,Fiber optic,65.28,Month-to-month,2639.86,Yes
CUST0892,Male,0,No,No,45,Yes,None,103.55,Month-to-month,4698.32,Yes
CUST0893,Male,0,Yes,Yes,15,Yes,DSL,116.16,Month-to-month,1757.32,No
CUST0894,Female,0,No,Yes,3,Yes,DSL,97.51,One year,258.88,No
CUST0895,Female,0,No,No,11,Yes,DSL,82.19,Month-to-month,857.45,No
CUST0896,Female,0,Yes,Yes,53,Yes,DSL,80.68,One year,4240.15,No
CUST0897,Female,0,Yes,Yes,46,Yes,Fiber optic,104.95,Two year,4838.58,No
CUST0898,Male,0,Yes,No,30,Yes,DSL,74.12,One year,2191.53,No
CUST0899,Male,0,Yes,Yes,57,Yes,Fiber optic,100.39,Month-to-month,5694.81,No
CUST0900,Male,0,No,No,18,Yes,DSL,70.89,Month-to-month,1228.53,No
CUST0901,Female,0,Yes,Yes,51,Yes,DSL,26.24,Two year,1360.53,No
CUST0902,Female,0,No,No,48,Yes,Fiber optic,58.39,Month-to-month,2833.76,No
CUST0903,Male,0,Yes,Yes,66,Yes,DSL,64.44,Two year,4282.72,No
CUST0904,Male,0,Yes,Yes,8,Yes,DSL,34.16,Two year,236.04,No
CUST0905,Female,0,No,No,22,Yes,Fiber optic,30.25,Two year,705.83,No
CUST0906,Female,0,Yes,Yes,6,Yes,Fiber optic,73.55,Two year,458.53,No
CUST0907,Male,0,Yes,Yes,57,Yes,DSL,28.51,Month-to-month,1664.82,No
CUST0908,Male,0,Yes,No,36,Yes,None,50.29,Month-to-month,1805.16,No
CUST0909,Female,1,Yes,Yes,57,Yes,Fiber optic,94.46,Two year,5377.92,No
CUST0910,Male,0,No,No,49,Yes,Fiber optic,116.44,Month-to-month,5734.01,No
CUST0911,Male,0,No,Yes,45,Yes,DSL,91.79,Month-to-month,4089.88,No
CUST0912,Male,0,Yes,Yes,66,Yes,DSL,119.26,One year,7873.25,No
CUST0913,Female,0,Yes,Yes,45,Yes,DSL,89.83,Month-to-month,4075.99,No
CUST0914,Female,0,Yes,Yes,20,Yes,DSL,49.38,Two year,1020.62,No
CUST0915,Female,1,No,No,64,Yes,Fiber optic,87.21,One year,5627.05,Yes
CUST0916,Female,0,No,Yes,67,Yes,None,90.22,Month-to-month,6064.57,No
CUST0917,Female,0,No,No,3,Yes,Fiber optic,57.17,Two year,142.29,No
CUST0918,Female,0,No,Yes,54,Yes,DSL,21.77,Two year,1127.61,Yes
CUST0919,Female,1,Yes,Yes,64,Yes,Fiber optic,90.32,One year,5778.42,No
CUST0920,Male,0,Yes,Yes,40,Yes,DSL,22.17,Month-to-month,888.17,Yes
CUST0921,Male,0,Yes,Yes,59,Yes,Fiber optic,83.12,Month-to-month,4878.11,Yes
CUST0922,Male,0,No,No,55,Yes,Fiber optic,36.36,One year,1962.27,Yes
CUST0923,Male,0,Yes,No,62,Yes,Fiber optic,76.56,Month-to-month,4755.34,Yes
CUST0924,Male,1,No,No,4,Yes,None,70.39,Month-to-month,307.99,No
CUST0925,Male,1,No,No,60,Yes,DSL,21.35,One year,1330.32,No
CUST0926,Male,0,Yes,Yes,30,No,Fiber optic,56.29,Month-to-month,1714.53,No
CUST0927,Female,1,Yes,No,2,Yes,None,80.11,Month-to-month,189.58,No
CUST0928,Female,0,Yes,No,62,Yes,Fiber optic,104.86,Month-to-month,6512.97,Yes
CUST0929,Male,1,No,Yes,49,Yes,Fiber optic,108.86,Month-to-month,5382.73,Yes
CUST0930,Male,0,No,Yes,9,Yes,None,68.38,One year,629.42,No
CUST0931,Female,0,Yes,Yes,31,Yes,DSL,92.84,Month-to-month,2914.07,No
CUST0932,Male,0,Yes,Yes,61,No,None,51.65,Month-to-month,3195.23,No
CUST0933,Male,0,No,No,48,Yes,DSL,54.22,One year,2645.55,No
CUST0934,Female,0,Yes,No,25,Yes,Fiber optic,39.45,Two year,974.39,No
CUST0935,Male,0,No,Yes,36,Yes,Fiber optic,76.19,One year,2700.71,No
CUST0936,Female,0,No,Yes,8,Yes,DSL,51.46,Month-to-month,378.87,No
CUST0937,Male,0,Yes,Yes,58,Yes,Fiber optic,28.44,Month-to-month,1605.44,No
CUST0938,Female,0,Yes,No,45,Yes,DSL,88.5,Two year,3943.04,No
CUST0939,Female,0,Yes,No,62,No,None,90.78,Month-to-month,5596.83,No
CUST0940,Female,1,Yes,Yes,39,Yes,Fiber optic,56.0,One year,2168.11,No
CUST0941,Male,0,No,Yes,58,Yes,Fiber optic,27.67,Month-to-month,1609.21,No
CUST0942,Female,0,No,No,64,Yes,Fiber optic,62.63,Month-to-month,4029.49,No
CUST0943,Male,0,No,Yes,44,Yes,Fiber optic,64.23,Two year,2797.21,Yes
CUST0944,Male,1,Yes,Yes,29,Yes,DSL,86.87,One year,2536.48,No
CUST0945,Male,0,No,No,59,Yes,Fiber optic,51.54,One year,3061.29,No
CUST0946,Male,0,Yes,Yes,71,Yes,Fiber optic,88.26,Month-to-month,6272.32,Yes
CUST0947,Female,0,Yes,No,9,Yes,DSL,107.15,Month-to-month,1004.71,No
CUST0948,Female,1,Yes,Yes,6,Yes,DSL,43.75,Month-to-month,223.6,Yes
CUST0949,Male,0,Yes,Yes,29,Yes,DSL,117.89,Month-to-month,3386.52,No
CUST0950,Male,0,Yes,No,58,Yes,DSL,58.64,Month-to-month,3393.99,No
CUST0951,Female,0,Yes,No,17,Yes,Fiber optic,46.73,Month-to-month,757.08,No
CUST0952,Male,1,No,Yes,16,Yes,Fiber optic,62.15,Month-to-month,1001.03,Yes
CUST0953,Female,0,Yes,No,3,Yes,Fiber optic,29.44,Two year,78.16,No
CUST0954,Male,0,No,Yes,21,Yes,DSL,32.57,One year,662.43,No
CUST0955,Male,1,No,Yes,64,Yes,DSL,61.44,Two year,3899.16,No
CUST0956,Female,0,Yes,No,36,Yes,DSL,96.24,Month-to-month,3448.17,No
CUST0957,Male,0,Yes,Yes,62,Yes,Fiber optic,110.03,Two year,6832.66,No
CUST0958,Female,0,Yes,Yes,42,No,Fiber optic,86.48,Month-to-month,3639.74,Yes
CUST0959,Male,0,No,No,42,Yes,None,30.52,Month-to-month,1248.2,No
CUST0960,Male,0,Yes,No,61,Yes,Fiber optic,87.2,Two year,5281.69,No
CUST0961,Male,0,No,Yes,13,Yes,Fiber optic,83.54,Month-to-month,1038.69,No
CUST0962,Female,0,Yes,No,11,Yes,Fiber optic,100.58,Month-to-month,1057.62,No
CUST0963,Male,0,Yes,No,54,Yes,None,102.52,Month-to-month,5574.06,Yes
CUST0964,Male,1,No,No,16,Yes,Fiber optic,106.82,Month-to-month,1663.63,No
CUST0965,Male,0,No,No,8,Yes,DSL,61.41,One year,514.4,No
CUST0966,Male,1,Yes,Yes,59,Yes,Fiber optic,89.79,One year,5334.81,No
CUST0967,Female,0,No,Yes,57,No,Fiber optic,46.83,One year,2629.12,No
CUST0968,Female,1,No,Yes,40,Yes,Fiber optic,119.93,Month-to-month,4790.83,No
CUST0969,Male,0,No,No,59,Yes,DSL,37.53,One year,2260.5,No
CUST0970,Female,0,No,No,2,Yes,Fiber optic,21.01,Month-to-month,75.43,Yes
CUST0971,Male,0,No,No,10,Yes,None,34.88,Month-to-month,347.77,No
CUST0972,Male,1,Yes,No,44,Yes,DSL,97.59,Two year,4320.22,No
CUST0973,Male,0,Yes,No,11,Yes,Fiber optic,64.68,Month-to-month,744.82,No
CUST0974,Female,0,No,No,2,Yes,DSL,64.75,One year,114.3,No
CUST0975,Female,0,Yes,No,50,Yes,DSL,115.5,Month-to-month,5814.22,No
CUST0976,Female,0,Yes,Yes,12,Yes,DSL,111.96,One year,1340.57,No
CUST0977,Female,0,No,Yes,23,Yes,DSL,51.12,One year,1178.54,No
CUST0978,Female,0,Yes,No,18,Yes,Fiber optic,40.91,Month-to-month,786.35,Yes
CUST0979,Female,0,No,No,62,Yes,DSL,104.85,Month-to-month,6535.03,Yes
CUST0980,Female,0,No,No,62,Yes,DSL,110.6,One year,6843.38,No
CUST0981,Female,0,Yes,Yes,38,Yes,DSL,74.16,Month-to-month,2769.11,No
CUST0982,Female,0,No,Yes,67,Yes,DSL,82.94,Month-to-month,5569.6,Yes
CUST0983,Male,0,No,No,38,Yes,DSL,45.69,One year,1756.61,Yes
CUST0984,Female,0,No,No,67,Yes,Fiber optic,100.08,Month-to-month,6720.44,No
CUST0985,Female,0,No,Yes,61,Yes,DSL,83.21,Two year,5122.6,No
CUST0986,Female,0,No,Yes,1,Yes,Fiber optic,70.35,Month-to-month,106.65,Yes
CUST0987,Female,0,Yes,Yes,45,Yes,Fiber optic,26.01,Month-to-month,1165.33,No
CUST0988,Female,0,Yes,Yes,28,Yes,DSL,111.59,One year,3080.81,No
CUST0989,Female,0,No,No,21,Yes,Fiber optic,81.55,Month-to-month,1710.16,No
CUST0990,Female,0,No,Yes,13,Yes,DSL,39.27,Month-to-month,529.43,No
CUST0991,Female,0,Yes,Yes,27,Yes,DSL,80.64,Month-to-month,2188.05,Yes
CUST0992,Female,0,No,No,7,Yes,DSL,87.75,Month-to-month,618.06,No
CUST0993,Female,0,Yes,Yes,22,No,DSL,72.58,Month-to-month,1593.64,No
CUST0994,Female,0,No,Yes,53,Yes,Fiber optic,91.81,Month-to-month,4845.31,No
CUST0995,Male,0,No,Yes,4,Yes,Fiber optic,78.15,Month-to-month,290.33,No
CUST0996,Male,0,No,No,23,Yes,DSL,114.78,Month-to-month,2639.96,No
CUST0997,Female,0,No,Yes,70,Yes,Fiber optic,25.37,One year,1741.96,Yes
CUST0998,Female,0,No,No,33,Yes,DSL,30.62,One year,994.53,Yes
CUST0999,Male,1,No,No,28,Yes,Fiber optic,37.37,Month-to-month,1028.76,Yes
